20161202 122855050,1.0676,1.06743,0
20161202 122911497,1.06762,1.06746,0
20161202 122925293,1.06767,1.06751,0
20161202 122929856,1.06772,1.06755,0
20161202 122929996,1.06774,1.06758,0
20161202 122930808,1.06776,1.0676,0
20161202 122942334,1.06779,1.06763,0
20161202 122942411,1.06782,1.06765,0
20161202 122943658,1.06785,1.06767,0
20161202 122943721,1.06787,1.0677,0
20161202 122945559,1.06793,1.06775,0
20161202 122945804,1.06794,1.06778,0
20161202 122947169,1.06796,1.0678,0
20161202 122950978,1.06799,1.06782,0
20161202 122954890,1.06795,1.06777,0
20161202 122955639,1.06792,1.06774,0
20161202 122956590,1.0679,1.06771,0
20161202 123000039,1.06787,1.06769,0
20161202 123008588,1.06792,1.06774,0
20161202 123010105,1.068,1.06782,0
20161202 123011495,1.06794,1.06776,0
20161202 123012048,1.06791,1.06772,0
20161202 123012642,1.06792,1.06776,0
20161202 123016870,1.06795,1.06778,0
20161202 123021188,1.06792,1.06776,0
20161202 123021647,1.06787,1.06771,0
20161202 123023371,1.0679,1.06773,0
20161202 123026264,1.06787,1.0677,0
20161202 123027511,1.06785,1.06768,0
20161202 123028978,1.06787,1.0677,0
20161202 123040607,1.06783,1.06766,0
20161202 123042093,1.06777,1.06761,0
20161202 123045253,1.06775,1.06758,0
20161202 123046028,1.06772,1.06755,0
20161202 123048133,1.06775,1.06758,0
20161202 123048248,1.06777,1.06761,0
20161202 123049985,1.06772,1.06756,0
20161202 123050635,1.06772,1.06756,0
20161202 123051135,1.06772,1.06756,0
20161202 123053014,1.0677,1.06753,0
20161202 123053747,1.06767,1.0675,0
20161202 123054631,1.06764,1.06747,0
20161202 123055692,1.06762,1.06744,0
20161202 123056160,1.06759,1.06743,0
20161202 123056340,1.06761,1.06745,0
20161202 123058033,1.06759,1.06743,0
20161202 123059084,1.06762,1.06746,0
20161202 123102348,1.0677,1.06754,0
20161202 123102460,1.06773,1.06757,0
20161202 123105562,1.06771,1.06753,0
20161202 123106451,1.06768,1.06751,0
20161202 123108189,1.06765,1.06749,0
20161202 123121263,1.06763,1.06746,0
20161202 123125244,1.0676,1.06743,0
20161202 123141130,1.06762,1.06746,0
20161202 123142716,1.0676,1.06744,0
20161202 123143059,1.06757,1.06741,0
20161202 123143559,1.06757,1.06741,0
20161202 123145808,1.0676,1.06743,0
20161202 123146063,1.06758,1.06741,0
20161202 123148824,1.0676,1.06743,0
20161202 123152405,1.06766,1.06747,0
20161202 123203319,1.06767,1.06751,0
20161202 123203661,1.06769,1.06754,0
20161202 123203891,1.06768,1.0675,0
20161202 123211161,1.06765,1.06748,0
20161202 123211220,1.06763,1.06746,0
20161202 123225132,1.06765,1.06748,0
20161202 123226175,1.06762,1.06747,0
20161202 123226440,1.06759,1.06745,0
20161202 123227179,1.06757,1.06742,0
20161202 123227431,1.06763,1.06743,0
20161202 123233247,1.0676,1.06744,0
20161202 123233973,1.06756,1.06742,0
20161202 123234819,1.06759,1.06744,0
20161202 123246639,1.06756,1.0674,0
20161202 123252146,1.06758,1.06743,0
20161202 123252331,1.06762,1.06746,0
20161202 123253770,1.0676,1.06744,0
20161202 123257954,1.06762,1.06746,0
20161202 123258367,1.06756,1.06736,0
20161202 123300530,1.06757,1.0674,0
20161202 123304665,1.06758,1.06743,0
20161202 123305669,1.06752,1.06735,0
20161202 123307548,1.06749,1.06732,0
20161202 123307809,1.06751,1.06735,0
20161202 123308854,1.06755,1.06738,0
20161202 123311164,1.06753,1.06737,0
20161202 123312058,1.06751,1.06734,0
20161202 123312400,1.06748,1.06732,0
20161202 123317036,1.06745,1.06729,0
20161202 123319065,1.06748,1.06732,0
20161202 123319240,1.0675,1.06735,0
20161202 123322495,1.06753,1.06736,0
20161202 123323060,1.06753,1.06736,0
20161202 123323560,1.06753,1.06736,0
20161202 123331790,1.0675,1.06733,0
20161202 123332723,1.06747,1.06731,0
20161202 123346653,1.06751,1.06733,0
20161202 123346812,1.06753,1.06736,0
20161202 123347038,1.06756,1.06739,0
20161202 123354897,1.06753,1.06736,0
20161202 123358135,1.06747,1.06731,0
20161202 123402137,1.06746,1.06728,0
20161202 123403819,1.06751,1.06733,0
20161202 123405793,1.06747,1.06731,0
20161202 123424636,1.06745,1.06728,0
20161202 123435618,1.06743,1.06725,0
20161202 123440178,1.06745,1.06729,0
20161202 123447003,1.06742,1.06727,0
20161202 123501732,1.06745,1.06728,0
20161202 123502175,1.06742,1.06725,0
20161202 123503060,1.06742,1.06727,0
20161202 123505636,1.06737,1.06722,0
20161202 123506136,1.06737,1.06722,0
20161202 123506332,1.06732,1.06717,0
20161202 123506544,1.06735,1.06719,0
20161202 123507002,1.06733,1.06717,0
20161202 123511981,1.06735,1.06719,0
20161202 123512430,1.06733,1.06717,0
20161202 123514031,1.0673,1.06715,0
20161202 123515141,1.06734,1.06715,0
20161202 123517418,1.06736,1.0672,0
20161202 123517921,1.06738,1.06722,0
20161202 123518037,1.06744,1.06727,0
20161202 123518618,1.06744,1.06727,0
20161202 123519118,1.06741,1.06725,0
20161202 123523920,1.06744,1.06728,0
20161202 123529069,1.06741,1.06725,0
20161202 123539319,1.06739,1.06723,0
20161202 123539848,1.06736,1.06721,0
20161202 123600924,1.06742,1.06724,0
20161202 123604373,1.06738,1.06723,0
20161202 123608810,1.06742,1.06725,0
20161202 123610089,1.0674,1.06722,0
20161202 123610457,1.06744,1.06726,0
20161202 123610740,1.06742,1.06724,0
20161202 123611341,1.06739,1.06723,0
20161202 123612138,1.06735,1.06718,0
20161202 123612769,1.06732,1.06714,0
20161202 123613269,1.06732,1.06714,0
20161202 123615648,1.06732,1.06716,0
20161202 123630425,1.0673,1.06713,0
20161202 123630622,1.06728,1.0671,0
20161202 123630946,1.06733,1.06715,0
20161202 123636327,1.06735,1.06717,0
20161202 123639988,1.06733,1.06715,0
20161202 123646992,1.0673,1.06713,0
20161202 123651548,1.06727,1.06711,0
20161202 123653961,1.06731,1.06712,0
20161202 123654274,1.06732,1.06715,0
20161202 123704461,1.06737,1.0672,0
20161202 123710689,1.06739,1.06722,0
20161202 123710842,1.06741,1.06725,0
20161202 123718712,1.06746,1.0673,0
20161202 123719525,1.06746,1.0673,0
20161202 123720025,1.06746,1.0673,0
20161202 123728644,1.06749,1.06732,0
20161202 123729877,1.06753,1.06738,0
20161202 123730024,1.06756,1.0674,0
20161202 123730717,1.06756,1.0674,0
20161202 123730844,1.06753,1.06737,0
20161202 123735705,1.06761,1.06744,0
20161202 123735924,1.06763,1.06747,0
20161202 123736973,1.0677,1.06751,0
20161202 123737435,1.06771,1.06755,0
20161202 123739172,1.06774,1.06757,0
20161202 123739971,1.06768,1.06752,0
20161202 123740808,1.06765,1.06751,0
20161202 123741111,1.06764,1.06747,0
20161202 123744733,1.06761,1.06744,0
20161202 123753471,1.06758,1.06742,0
20161202 123753724,1.06753,1.06737,0
20161202 123753791,1.06752,1.06734,0
20161202 123806458,1.06756,1.0674,0
20161202 123809892,1.06753,1.06738,0
20161202 123810279,1.06756,1.0674,0
20161202 123812228,1.06758,1.06743,0
20161202 123812332,1.06762,1.06744,0
20161202 123814664,1.06759,1.06743,0
20161202 123815028,1.06756,1.06741,0
20161202 123818009,1.06759,1.06743,0
20161202 123818319,1.06761,1.06746,0
20161202 123822349,1.06759,1.06743,0
20161202 123822510,1.06761,1.06745,0
20161202 123829628,1.0676,1.06742,0
20161202 123836350,1.06764,1.06745,0
20161202 123837690,1.06768,1.06748,0
20161202 123840326,1.06764,1.06749,0
20161202 123853430,1.06762,1.06747,0
20161202 123853506,1.0676,1.06744,0
20161202 123857728,1.06764,1.06746,0
20161202 123902848,1.0676,1.06744,0
20161202 123903290,1.06757,1.06742,0
20161202 123914115,1.06756,1.06739,0
20161202 123914646,1.06753,1.06737,0
20161202 123919681,1.06749,1.06732,0
20161202 123919875,1.06746,1.0673,0
20161202 123920258,1.0674,1.06725,0
20161202 123925455,1.06739,1.06721,0
20161202 123926936,1.0674,1.06724,0
20161202 123927196,1.06743,1.06727,0
20161202 123927568,1.06746,1.0673,0
20161202 123932264,1.06749,1.06731,0
20161202 123934548,1.06751,1.06735,0
20161202 123935898,1.06746,1.0673,0
20161202 123936160,1.06743,1.06727,0
20161202 123936339,1.06745,1.06729,0
20161202 123940227,1.06749,1.06732,0
20161202 123943410,1.06744,1.06727,0
20161202 123944240,1.06746,1.06729,0
20161202 123945284,1.06748,1.06733,0
20161202 123951205,1.06746,1.0673,0
20161202 124004616,1.06743,1.06727,0
20161202 124013708,1.06729,1.06713,0
20161202 124013795,1.06727,1.0671,0
20161202 124014113,1.06727,1.0671,0
20161202 124024340,1.06729,1.06713,0
20161202 124029911,1.0674,1.06716,0
20161202 124032955,1.0673,1.06713,0
20161202 124034858,1.06727,1.06707,0
20161202 124037550,1.06723,1.06706,0
20161202 124038455,1.06718,1.067,0
20161202 124039177,1.06721,1.06704,0
20161202 124039321,1.06724,1.06706,0
20161202 124042446,1.06721,1.06703,0
20161202 124042935,1.06721,1.06703,0
20161202 124043435,1.06721,1.06703,0
20161202 124050593,1.06727,1.06709,0
20161202 124054499,1.06733,1.06715,0
20161202 124054736,1.06741,1.06723,0
20161202 124054968,1.06743,1.06726,0
20161202 124055988,1.06742,1.06722,0
20161202 124100127,1.06738,1.06721,0
20161202 124145424,1.06733,1.06717,0
20161202 124145752,1.06736,1.06718,0
20161202 124145880,1.06737,1.06722,0
20161202 124149953,1.06735,1.06719,0
20161202 124150729,1.06728,1.06713,0
20161202 124152872,1.06726,1.0671,0
20161202 124153148,1.06731,1.06714,0
20161202 124155510,1.06726,1.0671,0
20161202 124159616,1.06729,1.06712,0
20161202 124201241,1.06724,1.06707,0
20161202 124201387,1.06719,1.06703,0
20161202 124201720,1.06724,1.06707,0
20161202 124207109,1.06722,1.06705,0
20161202 124209720,1.06719,1.06703,0
20161202 124210699,1.06722,1.06705,0
20161202 124219624,1.06725,1.06707,0
20161202 124228015,1.06721,1.06705,0
20161202 124236816,1.06726,1.06709,0
20161202 124239452,1.06729,1.06711,0
20161202 124239574,1.06731,1.06714,0
20161202 124239888,1.06728,1.06712,0
20161202 124244641,1.06723,1.06707,0
20161202 124248473,1.06721,1.06704,0
20161202 124251532,1.06724,1.06707,0
20161202 124252310,1.06726,1.06709,0
20161202 124300487,1.06729,1.06711,0
20161202 124300546,1.06731,1.06714,0
20161202 124309030,1.06729,1.06712,0
20161202 124316865,1.06723,1.06707,0
20161202 124317970,1.06717,1.06701,0
20161202 124318249,1.0672,1.06703,0
20161202 124318384,1.06722,1.06706,0
20161202 124319138,1.06729,1.06712,0
20161202 124319836,1.06727,1.06709,0
20161202 124334488,1.06717,1.06702,0
20161202 124334559,1.06715,1.06699,0
20161202 124336639,1.06718,1.06702,0
20161202 124336835,1.06722,1.06705,0
20161202 124346278,1.06727,1.06711,0
20161202 124347876,1.06723,1.06706,0
20161202 124349598,1.06726,1.06709,0
20161202 124355754,1.06721,1.06703,0
20161202 124358040,1.06719,1.06701,0
20161202 124358292,1.0671,1.06693,0
20161202 124358491,1.06707,1.06691,0
20161202 124358649,1.0671,1.06693,0
20161202 124358991,1.0671,1.06693,0
20161202 124400202,1.06707,1.06691,0
20161202 124400431,1.0671,1.06694,0
20161202 124400781,1.06708,1.06691,0
20161202 124400915,1.0671,1.06694,0
20161202 124407385,1.06712,1.06697,0
20161202 124409799,1.06716,1.06699,0
20161202 124411208,1.06713,1.06697,0
20161202 124412852,1.06716,1.067,0
20161202 124418726,1.06713,1.06698,0
20161202 124423465,1.06711,1.06695,0
20161202 124424928,1.06708,1.06692,0
20161202 124425188,1.06712,1.06695,0
20161202 124454490,1.0671,1.06695,0
20161202 124506522,1.06713,1.06698,0
20161202 124506608,1.06716,1.067,0
20161202 124511260,1.06722,1.06705,0
20161202 124511690,1.06722,1.06705,0
20161202 124512190,1.06722,1.06705,0
20161202 124515732,1.06727,1.06711,0
20161202 124518234,1.06722,1.06707,0
20161202 124528462,1.06717,1.06702,0
20161202 124534814,1.0672,1.06704,0
20161202 124537215,1.06723,1.06707,0
20161202 124537472,1.06721,1.06704,0
20161202 124542841,1.06723,1.06707,0
20161202 124549029,1.06717,1.06702,0
20161202 124551707,1.06715,1.067,0
20161202 124553316,1.06713,1.06697,0
20161202 124553627,1.06716,1.067,0
20161202 124555074,1.06713,1.06698,0
20161202 124555871,1.06716,1.067,0
20161202 124608573,1.06713,1.06697,0
20161202 124609927,1.06715,1.06699,0
20161202 124613485,1.0672,1.06704,0
20161202 124615228,1.06717,1.06702,0
20161202 124616623,1.06716,1.06699,0
20161202 124703142,1.06717,1.06702,0
20161202 124716917,1.0672,1.06704,0
20161202 124718864,1.06724,1.06707,0
20161202 124738416,1.06722,1.06706,0
20161202 124741538,1.06719,1.06702,0
20161202 124741800,1.06714,1.06698,0
20161202 124742002,1.06718,1.067,0
20161202 124750918,1.0672,1.06703,0
20161202 124751261,1.06717,1.067,0
20161202 124758519,1.0672,1.06702,0
20161202 124758661,1.06721,1.06705,0
20161202 124759604,1.06718,1.06703,0
20161202 124800508,1.06722,1.06704,0
20161202 124800640,1.06719,1.06702,0
20161202 124801568,1.06716,1.067,0
20161202 124801733,1.06718,1.06702,0
20161202 124801866,1.06721,1.06704,0
20161202 124809821,1.06716,1.06699,0
20161202 124815488,1.06713,1.06695,0
20161202 124820528,1.06709,1.06693,0
20161202 124820601,1.06711,1.06695,0
20161202 124824691,1.06714,1.06697,0
20161202 124825613,1.06711,1.06694,0
20161202 124830620,1.06714,1.06697,0
20161202 124832041,1.06717,1.067,0
20161202 124835253,1.06712,1.06696,0
20161202 124845287,1.06711,1.06696,0
20161202 124853117,1.06714,1.06699,0
20161202 124855933,1.06712,1.06696,0
20161202 124911076,1.06714,1.06698,0
20161202 124911337,1.06716,1.06701,0
20161202 124911543,1.06719,1.06703,0
20161202 124917424,1.06721,1.06705,0
20161202 124919541,1.06724,1.06708,0
20161202 124919649,1.06726,1.06711,0
20161202 124923612,1.06724,1.06708,0
20161202 124929717,1.06727,1.0671,0
20161202 124932786,1.06724,1.06707,0
20161202 124933411,1.06726,1.06709,0
20161202 124934343,1.06728,1.06712,0
20161202 124939585,1.06735,1.06719,0
20161202 124939819,1.06744,1.06727,0
20161202 124940097,1.06742,1.06725,0
20161202 124940221,1.06739,1.06722,0
20161202 124940434,1.06743,1.06724,0
20161202 124940794,1.0674,1.0672,0
20161202 124940876,1.06745,1.06725,0
20161202 124941825,1.06741,1.06723,0
20161202 124941999,1.06742,1.06726,0
20161202 124952032,1.0674,1.06723,0
20161202 124954398,1.06744,1.06725,0
20161202 124954617,1.06745,1.06728,0
20161202 125000642,1.06743,1.06726,0
20161202 125001728,1.0674,1.06723,0
20161202 125001934,1.06742,1.06726,0
20161202 125003545,1.06739,1.06721,0
20161202 125003717,1.06742,1.06726,0
20161202 125005500,1.0674,1.06724,0
20161202 125005804,1.06742,1.06726,0
20161202 125006100,1.06745,1.06728,0
20161202 125013068,1.06742,1.06725,0
20161202 125016275,1.06739,1.06722,0
20161202 125016429,1.06742,1.06725,0
20161202 125024504,1.06741,1.06725,0
20161202 125026192,1.06739,1.06722,0
20161202 125026581,1.06742,1.06725,0
20161202 125030747,1.06738,1.06723,0
20161202 125030890,1.06741,1.06725,0
20161202 125034685,1.06744,1.06728,0
20161202 125042078,1.06742,1.06725,0
20161202 125042272,1.06739,1.06723,0
20161202 125045110,1.06741,1.06725,0
20161202 125103591,1.06739,1.06724,0
20161202 125103813,1.06742,1.06726,0
20161202 125106619,1.06742,1.06725,0
20161202 125112326,1.06742,1.06724,0
20161202 125113620,1.06744,1.06728,0
20161202 125113711,1.06745,1.06728,0
20161202 125114485,1.06742,1.06726,0
20161202 125117400,1.0674,1.06724,0
20161202 125117638,1.06742,1.06726,0
20161202 125126628,1.0674,1.06724,0
20161202 125126934,1.06742,1.06726,0
20161202 125135846,1.06753,1.06733,0
20161202 125142719,1.06746,1.0673,0
20161202 125142891,1.06744,1.06726,0
20161202 125143996,1.06741,1.06725,0
20161202 125152349,1.06744,1.06727,0
20161202 125152438,1.06746,1.0673,0
20161202 125156193,1.06743,1.06727,0
20161202 125201454,1.0674,1.06723,0
20161202 125203654,1.06737,1.06721,0
20161202 125206741,1.06742,1.06726,0
20161202 125210876,1.06739,1.06725,0
20161202 125210922,1.06737,1.06722,0
20161202 125211194,1.06739,1.06725,0
20161202 125211499,1.0674,1.06724,0
20161202 125211779,1.06739,1.06725,0
20161202 125215549,1.06739,1.06725,0
20161202 125224124,1.06741,1.06727,0
20161202 125235327,1.06739,1.06724,0
20161202 125245715,1.06742,1.06726,0
20161202 125311296,1.0674,1.06724,0
20161202 125311608,1.06741,1.06727,0
20161202 125312034,1.06739,1.06723,0
20161202 125315366,1.06741,1.06723,0
20161202 125327602,1.06737,1.06721,0
20161202 125337289,1.06741,1.06723,0
20161202 125337399,1.06742,1.06726,0
20161202 125347463,1.0674,1.06724,0
20161202 125403776,1.06741,1.06727,0
20161202 125417599,1.0674,1.06724,0
20161202 125417687,1.06737,1.06721,0
20161202 125425320,1.06753,1.06731,0
20161202 125425465,1.06757,1.06738,0
20161202 125427901,1.06753,1.06737,0
20161202 125440798,1.06755,1.06739,0
20161202 125442123,1.06757,1.06742,0
20161202 125447093,1.06761,1.06743,0
20161202 125449215,1.06762,1.06746,0
20161202 125457428,1.06761,1.06743,0
20161202 125457683,1.06762,1.06747,0
20161202 125507967,1.06765,1.06749,0
20161202 125510070,1.06768,1.06752,0
20161202 125510217,1.06771,1.06755,0
20161202 125511414,1.06769,1.06752,0
20161202 125512337,1.06766,1.06748,0
20161202 125512473,1.06763,1.06746,0
20161202 125520005,1.06758,1.06741,0
20161202 125521132,1.06755,1.06738,0
20161202 125521247,1.06751,1.06736,0
20161202 125524866,1.06758,1.06741,0
20161202 125526059,1.06762,1.06743,0
20161202 125528402,1.06764,1.06747,0
20161202 125532818,1.06761,1.06744,0
20161202 125535410,1.06763,1.06745,0
20161202 125537647,1.06768,1.0675,0
20161202 125540695,1.06765,1.06748,0
20161202 125542348,1.06767,1.06751,0
20161202 125549337,1.06766,1.06748,0
20161202 125554375,1.06763,1.06746,0
20161202 125557411,1.0676,1.06744,0
20161202 125559587,1.06757,1.06741,0
20161202 125602468,1.06755,1.06738,0
20161202 125603117,1.06751,1.06735,0
20161202 125604814,1.06756,1.06738,0
20161202 125606084,1.06753,1.06735,0
20161202 125609750,1.06758,1.06739,0
20161202 125612486,1.06759,1.06742,0
20161202 125614128,1.06762,1.06745,0
20161202 125616248,1.06759,1.06743,0
20161202 125616426,1.06761,1.06745,0
20161202 125621109,1.06759,1.06742,0
20161202 125621255,1.06761,1.06745,0
20161202 125630028,1.06759,1.06743,0
20161202 125630244,1.06762,1.06745,0
20161202 125639347,1.06761,1.06745,0
20161202 125645091,1.06759,1.06743,0
20161202 125645322,1.06756,1.0674,0
20161202 125705669,1.06759,1.06742,0
20161202 125705962,1.06762,1.06746,0
20161202 125706358,1.06762,1.06744,0
20161202 125706618,1.0676,1.06744,0
20161202 125708383,1.06763,1.06745,0
20161202 125710961,1.06765,1.06748,0
20161202 125718144,1.06762,1.06745,0
20161202 125724623,1.06762,1.06745,0
20161202 125733116,1.06759,1.06743,0
20161202 125733248,1.06761,1.06745,0
20161202 125737019,1.06759,1.06742,0
20161202 125737331,1.06762,1.06745,0
20161202 125741190,1.06765,1.06748,0
20161202 125742869,1.06762,1.06746,0
20161202 125751131,1.0676,1.06743,0
20161202 125751286,1.0676,1.06743,0
20161202 125751451,1.06763,1.06746,0
20161202 125812145,1.0676,1.06744,0
20161202 125812311,1.06762,1.06746,0
20161202 125815134,1.06761,1.06743,0
20161202 125818252,1.06757,1.06741,0
20161202 125819038,1.06755,1.06737,0
20161202 125821247,1.06751,1.06736,0
20161202 125825258,1.06749,1.06733,0
20161202 125825446,1.06751,1.06735,0
20161202 125830164,1.06749,1.06733,0
20161202 125839145,1.06747,1.0673,0
20161202 125843017,1.06749,1.06733,0
20161202 125851989,1.06751,1.06735,0
20161202 125855431,1.06756,1.06741,0
20161202 125859145,1.06763,1.06745,0
20161202 125900134,1.06761,1.06745,0
20161202 125902182,1.06764,1.06747,0
20161202 125904079,1.06766,1.0675,0
20161202 125909148,1.06762,1.06748,0
20161202 125909447,1.06761,1.06745,0
20161202 125911004,1.06766,1.06749,0
20161202 125924587,1.06769,1.06752,0
20161202 125931845,1.06766,1.06749,0
20161202 125934557,1.06768,1.06752,0
20161202 125934840,1.06771,1.06755,0
20161202 125940706,1.06769,1.06752,0
20161202 125942291,1.06766,1.06749,0
20161202 125950919,1.06766,1.06749,0
20161202 125951012,1.06763,1.06748,0
20161202 125951523,1.06766,1.06749,0
20161202 125952558,1.06763,1.06748,0
20161202 125955098,1.06759,1.06742,0
20161202 125955357,1.06762,1.06745,0
20161202 125957460,1.06759,1.06742,0
20161202 125957933,1.06757,1.0674,0
20161202 130001138,1.06762,1.06744,0
20161202 130001586,1.06758,1.06741,0
20161202 130002246,1.06759,1.06743,0
20161202 130003104,1.06765,1.06747,0
20161202 130003212,1.06768,1.06751,0
20161202 130005807,1.06765,1.06748,0
20161202 130007587,1.06763,1.06746,0
20161202 130015980,1.06766,1.06748,0
20161202 130017045,1.06766,1.06749,0
20161202 130022029,1.06763,1.06747,0
20161202 130027058,1.06761,1.06743,0
20161202 130027992,1.06762,1.06746,0
20161202 130033621,1.06765,1.06749,0
20161202 130034368,1.06763,1.06747,0
20161202 130036041,1.06765,1.06749,0
20161202 130036840,1.06763,1.06747,0
20161202 130039388,1.0676,1.06745,0
20161202 130056473,1.06764,1.06746,0
20161202 130103097,1.0676,1.06745,0
20161202 130112714,1.06763,1.06748,0
20161202 130116466,1.06761,1.06745,0
20161202 130123943,1.06756,1.0674,0
20161202 130125708,1.0676,1.06743,0
20161202 130130325,1.06761,1.06747,0
20161202 130137988,1.06758,1.06744,0
20161202 130138506,1.0676,1.06746,0
20161202 130143980,1.06758,1.06744,0
20161202 130151894,1.06753,1.06738,0
20161202 130154331,1.0675,1.06734,0
20161202 130211074,1.0675,1.0673,0
20161202 130212249,1.0675,1.06735,0
20161202 130214742,1.06753,1.06737,0
20161202 130221435,1.0675,1.06734,0
20161202 130225678,1.06753,1.06736,0
20161202 130228731,1.06751,1.06734,0
20161202 130230731,1.06754,1.06737,0
20161202 130231317,1.06752,1.06736,0
20161202 130232507,1.06749,1.06734,0
20161202 130239319,1.06753,1.06735,0
20161202 130258677,1.06746,1.0673,0
20161202 130259384,1.06743,1.06727,0
20161202 130259644,1.06738,1.0672,0
20161202 130313245,1.06734,1.06718,0
20161202 130320884,1.06732,1.06716,0
20161202 130328268,1.06734,1.06718,0
20161202 130341010,1.06736,1.06722,0
20161202 130344599,1.06733,1.06719,0
20161202 130402182,1.06741,1.06722,0
20161202 130404321,1.06737,1.06722,0
20161202 130406432,1.06739,1.06725,0
20161202 130408487,1.06744,1.06729,0
20161202 130417330,1.06742,1.06727,0
20161202 130426179,1.06745,1.06729,0
20161202 130427697,1.06748,1.06732,0
20161202 130437122,1.06745,1.0673,0
20161202 130437446,1.06742,1.06727,0
20161202 130450188,1.06739,1.06724,0
20161202 130450323,1.06737,1.06721,0
20161202 130452605,1.06739,1.06724,0
20161202 130459830,1.06742,1.06726,0
20161202 130507200,1.06746,1.06729,0
20161202 130519036,1.06749,1.06733,0
20161202 130520017,1.06752,1.06736,0
20161202 130536203,1.06749,1.06734,0
20161202 130536888,1.06746,1.0673,0
20161202 130611694,1.06752,1.06734,0
20161202 130614258,1.06753,1.06737,0
20161202 130616153,1.06755,1.06739,0
20161202 130617911,1.06758,1.06742,0
20161202 130619707,1.06756,1.0674,0
20161202 130620303,1.06758,1.06742,0
20161202 130622118,1.0676,1.06745,0
20161202 130623891,1.06765,1.06749,0
20161202 130624082,1.06763,1.06746,0
20161202 130630408,1.06766,1.06749,0
20161202 130630671,1.06764,1.06747,0
20161202 130631834,1.06761,1.06745,0
20161202 130632739,1.06767,1.0675,0
20161202 130640645,1.06769,1.06754,0
20161202 130644535,1.06767,1.0675,0
20161202 130646913,1.06764,1.06746,0
20161202 130650110,1.0676,1.06745,0
20161202 130652757,1.06764,1.06746,0
20161202 130654264,1.06767,1.06749,0
20161202 130658306,1.06769,1.06751,0
20161202 130659115,1.06771,1.06753,0
20161202 130659987,1.06779,1.06761,0
20161202 130700264,1.06786,1.06769,0
20161202 130700474,1.06783,1.06766,0
20161202 130707550,1.06783,1.06768,0
20161202 130707910,1.06785,1.06768,0
20161202 130708028,1.06786,1.0677,0
20161202 130708588,1.06789,1.06769,0
20161202 130709511,1.06793,1.06775,0
20161202 130709618,1.06795,1.06777,0
20161202 130709947,1.06798,1.06779,0
20161202 130710051,1.068,1.06782,0
20161202 130711832,1.06801,1.06785,0
20161202 130712086,1.068,1.06781,0
20161202 130713111,1.06797,1.0678,0
20161202 130715222,1.06793,1.06775,0
20161202 130717490,1.06791,1.06772,0
20161202 130724309,1.06793,1.06775,0
20161202 130726714,1.0679,1.06773,0
20161202 130733371,1.06787,1.06771,0
20161202 130735116,1.0679,1.06773,0
20161202 130738073,1.06792,1.06775,0
20161202 130739514,1.0679,1.06773,0
20161202 130739768,1.06787,1.06771,0
20161202 130741193,1.06785,1.06767,0
20161202 130742256,1.06787,1.0677,0
20161202 130743185,1.06783,1.06765,0
20161202 130744737,1.06786,1.06768,0
20161202 130748488,1.06783,1.06766,0
20161202 130750586,1.06778,1.06761,0
20161202 130751319,1.06776,1.06759,0
20161202 130751586,1.06779,1.06761,0
20161202 130754778,1.06776,1.06759,0
20161202 130755572,1.06778,1.06761,0
20161202 130756480,1.06778,1.06761,0
20161202 130756770,1.0678,1.06763,0
20161202 130757196,1.06778,1.0676,0
20161202 130757988,1.06775,1.06759,0
20161202 130759532,1.06773,1.06756,0
20161202 130800027,1.06776,1.06758,0
20161202 130800199,1.0678,1.06763,0
20161202 130800768,1.06778,1.06761,0
20161202 130800880,1.06776,1.06759,0
20161202 130807517,1.06782,1.06764,0
20161202 130807870,1.0678,1.06762,0
20161202 130808741,1.06786,1.06769,0
20161202 130808976,1.06788,1.06772,0
20161202 130809097,1.06786,1.0677,0
20161202 130812871,1.06784,1.06767,0
20161202 130813928,1.06781,1.06764,0
20161202 130814465,1.06778,1.06762,0
20161202 130824756,1.06773,1.06755,0
20161202 130824821,1.0677,1.06753,0
20161202 130825740,1.06777,1.06761,0
20161202 130827897,1.06774,1.06758,0
20161202 130828388,1.06771,1.06755,0
20161202 130831028,1.06769,1.06751,0
20161202 130831340,1.06772,1.06754,0
20161202 130831963,1.06769,1.06752,0
20161202 130833941,1.06766,1.0675,0
20161202 130841932,1.06768,1.06752,0
20161202 130842157,1.06773,1.06757,0
20161202 130845294,1.06767,1.06748,0
20161202 130845421,1.06762,1.06742,0
20161202 130845805,1.06762,1.06742,0
20161202 130851081,1.06758,1.06741,0
20161202 130859498,1.06756,1.06739,0
20161202 130859592,1.06751,1.06733,0
20161202 130903649,1.06748,1.06732,0
20161202 130904289,1.0675,1.06735,0
20161202 130906296,1.06744,1.06727,0
20161202 130906512,1.06744,1.06727,0
20161202 130906595,1.06742,1.06724,0
20161202 130918512,1.06739,1.06723,0
20161202 130918755,1.0673,1.06711,0
20161202 130919730,1.06728,1.06713,0
20161202 130921712,1.06732,1.06714,0
20161202 130923987,1.06729,1.06711,0
20161202 130926370,1.06731,1.06714,0
20161202 130928539,1.06721,1.06703,0
20161202 130937776,1.06722,1.06703,0
20161202 130950251,1.06729,1.06711,0
20161202 130959773,1.06731,1.06715,0
20161202 131000043,1.06736,1.0672,0
20161202 131000158,1.06738,1.06722,0
20161202 131002317,1.06741,1.06724,0
20161202 131002642,1.06745,1.06729,0
20161202 131003695,1.06747,1.06732,0
20161202 131004340,1.06747,1.06732,0
20161202 131004576,1.06751,1.06734,0
20161202 131004840,1.06751,1.06734,0
20161202 131010674,1.06748,1.06732,0
20161202 131013872,1.06751,1.06735,0
20161202 131019156,1.06754,1.06738,0
20161202 131021928,1.06757,1.06741,0
20161202 131022705,1.06754,1.06739,0
20161202 131022896,1.06752,1.06737,0
20161202 131024910,1.0675,1.06734,0
20161202 131029261,1.06753,1.06736,0
20161202 131036707,1.06749,1.06732,0
20161202 131039647,1.06744,1.06726,0
20161202 131039942,1.06741,1.06725,0
20161202 131042175,1.06737,1.0672,0
20161202 131043190,1.06739,1.06723,0
20161202 131043337,1.06742,1.06726,0
20161202 131046977,1.0674,1.06726,0
20161202 131053434,1.06745,1.06728,0
20161202 131053968,1.06748,1.06732,0
20161202 131100146,1.06746,1.06732,0
20161202 131110955,1.0675,1.06732,0
20161202 131111087,1.06751,1.06736,0
20161202 131113747,1.06754,1.06738,0
20161202 131113982,1.06757,1.06741,0
20161202 131115343,1.06754,1.06738,0
20161202 131125441,1.06759,1.06743,0
20161202 131127637,1.06761,1.06745,0
20161202 131128062,1.06763,1.06748,0
20161202 131134504,1.06766,1.06751,0
20161202 131134621,1.06768,1.06754,0
20161202 131136793,1.06772,1.06755,0
20161202 131138088,1.06769,1.06753,0
20161202 131138502,1.06771,1.06756,0
20161202 131139649,1.06774,1.06759,0
20161202 131140203,1.06773,1.06755,0
20161202 131142990,1.06777,1.06762,0
20161202 131144492,1.06779,1.06764,0
20161202 131145826,1.06774,1.06756,0
20161202 131153175,1.06775,1.0676,0
20161202 131153508,1.06777,1.06763,0
20161202 131153808,1.06775,1.06758,0
20161202 131154847,1.06777,1.06761,0
20161202 131155768,1.06779,1.06764,0
20161202 131158256,1.06777,1.06761,0
20161202 131158958,1.06779,1.06763,0
20161202 131203572,1.06783,1.06765,0
20161202 131208239,1.0678,1.06763,0
20161202 131210286,1.06782,1.06767,0
20161202 131215397,1.06784,1.06769,0
20161202 131216272,1.06787,1.0677,0
20161202 131216951,1.06785,1.06768,0
20161202 131218388,1.06787,1.06771,0
20161202 131221645,1.06785,1.06768,0
20161202 131222517,1.06786,1.0677,0
20161202 131222605,1.06783,1.06766,0
20161202 131224504,1.06789,1.06772,0
20161202 131226245,1.06786,1.0677,0
20161202 131226535,1.06788,1.06772,0
20161202 131233419,1.06786,1.0677,0
20161202 131242626,1.06788,1.06772,0
20161202 131247595,1.06787,1.06769,0
20161202 131250248,1.06788,1.06772,0
20161202 131254659,1.06786,1.0677,0
20161202 131254928,1.06784,1.06766,0
20161202 131255585,1.06786,1.0677,0
20161202 131256057,1.06784,1.06766,0
20161202 131256514,1.06786,1.06769,0
20161202 131256632,1.06784,1.06767,0
20161202 131256933,1.06781,1.06765,0
20161202 131259063,1.06778,1.06762,0
20161202 131259351,1.0678,1.06765,0
20161202 131300234,1.06783,1.06767,0
20161202 131300970,1.06779,1.06761,0
20161202 131309338,1.06775,1.06759,0
20161202 131310252,1.06772,1.06757,0
20161202 131325770,1.06771,1.06753,0
20161202 131325873,1.06768,1.06752,0
20161202 131326713,1.0677,1.06755,0
20161202 131328463,1.06767,1.06753,0
20161202 131328862,1.06766,1.0675,0
20161202 131329289,1.06768,1.06752,0
20161202 131330087,1.06766,1.06749,0
20161202 131331560,1.06768,1.06753,0
20161202 131331950,1.06767,1.0675,0
20161202 131332421,1.06769,1.06753,0
20161202 131332616,1.06771,1.06756,0
20161202 131335278,1.06769,1.06754,0
20161202 131335535,1.06767,1.0675,0
20161202 131337031,1.06764,1.06748,0
20161202 131339841,1.0676,1.06745,0
20161202 131342245,1.06768,1.06752,0
20161202 131344998,1.06763,1.06747,0
20161202 131345229,1.06757,1.06742,0
20161202 131347395,1.06755,1.0674,0
20161202 131348440,1.06758,1.06742,0
20161202 131349233,1.06753,1.06737,0
20161202 131351516,1.06747,1.06731,0
20161202 131353278,1.06743,1.06725,0
20161202 131353774,1.06735,1.06718,0
20161202 131353875,1.06733,1.06715,0
20161202 131355588,1.06734,1.06718,0
20161202 131356405,1.06737,1.06721,0
20161202 131356979,1.06732,1.06716,0
20161202 131358218,1.0673,1.06713,0
20161202 131358362,1.06728,1.06709,0
20161202 131358862,1.06728,1.06709,0
20161202 131403798,1.0673,1.06713,0
20161202 131404054,1.06732,1.06715,0
20161202 131404560,1.06735,1.06718,0
20161202 131404872,1.06737,1.0672,0
20161202 131408548,1.06739,1.06722,0
20161202 131408999,1.06739,1.06722,0
20161202 131409499,1.06739,1.06722,0
20161202 131412602,1.06739,1.06723,0
20161202 131412638,1.06736,1.0672,0
20161202 131412989,1.0674,1.06722,0
20161202 131413282,1.06735,1.06718,0
20161202 131413488,1.06737,1.0672,0
20161202 131421848,1.06741,1.06725,0
20161202 131428042,1.06739,1.06723,0
20161202 131428988,1.06737,1.0672,0
20161202 131441980,1.06739,1.06722,0
20161202 131444017,1.06741,1.06726,0
20161202 131450491,1.06748,1.0673,0
20161202 131453351,1.0675,1.06733,0
20161202 131453833,1.06756,1.06738,0
20161202 131456228,1.06753,1.06736,0
20161202 131456550,1.06751,1.06733,0
20161202 131457973,1.06747,1.0673,0
20161202 131459661,1.06749,1.06733,0
20161202 131500717,1.06746,1.06731,0
20161202 131502819,1.06753,1.06737,0
20161202 131503101,1.06755,1.06739,0
20161202 131503566,1.06758,1.06741,0
20161202 131504029,1.06761,1.06744,0
20161202 131507617,1.06763,1.06747,0
20161202 131507746,1.06766,1.06749,0
20161202 131508142,1.0677,1.06752,0
20161202 131508662,1.06772,1.06756,0
20161202 131510610,1.06768,1.06751,0
20161202 131513305,1.06765,1.06749,0
20161202 131513519,1.06763,1.06747,0
20161202 131517096,1.06758,1.06742,0
20161202 131518133,1.06761,1.06745,0
20161202 131522498,1.0676,1.06742,0
20161202 131523533,1.06762,1.06745,0
20161202 131526661,1.06759,1.06741,0
20161202 131529490,1.06761,1.06745,0
20161202 131557975,1.06763,1.06749,0
20161202 131601842,1.06767,1.06751,0
20161202 131602589,1.06762,1.06746,0
20161202 131603004,1.06757,1.06741,0
20161202 131604347,1.06758,1.0674,0
20161202 131605302,1.06749,1.06733,0
20161202 131605428,1.06747,1.0673,0
20161202 131606357,1.0675,1.06733,0
20161202 131606981,1.06747,1.06729,0
20161202 131607321,1.0675,1.06733,0
20161202 131607576,1.06756,1.06738,0
20161202 131608000,1.06758,1.06741,0
20161202 131608413,1.0676,1.06744,0
20161202 131610415,1.06762,1.06746,0
20161202 131612337,1.06761,1.06743,0
20161202 131612433,1.06756,1.06739,0
20161202 131613321,1.06751,1.06734,0
20161202 131613812,1.06753,1.06736,0
20161202 131619136,1.06756,1.06738,0
20161202 131619263,1.06756,1.06739,0
20161202 131619418,1.06752,1.06738,0
20161202 131623728,1.06749,1.06731,0
20161202 131624111,1.06753,1.06738,0
20161202 131627860,1.06758,1.0674,0
20161202 131635635,1.06753,1.06739,0
20161202 131635954,1.06751,1.06736,0
20161202 131639552,1.06749,1.06733,0
20161202 131639691,1.06745,1.06731,0
20161202 131645543,1.06751,1.06735,0
20161202 131646948,1.06753,1.06738,0
20161202 131649627,1.0675,1.06736,0
20161202 131652840,1.06749,1.06732,0
20161202 131655187,1.06745,1.06731,0
20161202 131655935,1.06748,1.06732,0
20161202 131656839,1.06751,1.06735,0
20161202 131703891,1.06747,1.06734,0
20161202 131710554,1.06747,1.06729,0
20161202 131714213,1.06748,1.06732,0
20161202 131714547,1.06746,1.0673,0
20161202 131715577,1.06743,1.06728,0
20161202 131728458,1.06746,1.06729,0
20161202 131731619,1.06743,1.06728,0
20161202 131745049,1.06738,1.06722,0
20161202 131745291,1.06733,1.06718,0
20161202 131807775,1.06731,1.06715,0
20161202 131811380,1.06733,1.06718,0
20161202 131816830,1.06735,1.06721,0
20161202 131913311,1.06733,1.06717,0
20161202 131922056,1.06736,1.0672,0
20161202 131922173,1.06733,1.06717,0
20161202 131939835,1.06735,1.06719,0
20161202 131940506,1.06733,1.06717,0
20161202 132004296,1.06735,1.06719,0
20161202 132010282,1.06729,1.06712,0
20161202 132014732,1.06726,1.0671,0
20161202 132015178,1.06724,1.06707,0
20161202 132015678,1.06726,1.06709,0
20161202 132018249,1.06729,1.06711,0
20161202 132035349,1.06729,1.06711,0
20161202 132040268,1.06726,1.0671,0
20161202 132041426,1.06728,1.06713,0
20161202 132041732,1.0673,1.06715,0
20161202 132044641,1.06728,1.06713,0
20161202 132047538,1.06726,1.0671,0
20161202 132051685,1.06728,1.06712,0
20161202 132059653,1.06732,1.06715,0
20161202 132100755,1.06729,1.06713,0
20161202 132111308,1.06731,1.06715,0
20161202 132112303,1.06729,1.06713,0
20161202 132119300,1.06733,1.06714,0
20161202 132126250,1.06729,1.06714,0
20161202 132139612,1.06732,1.06715,0
20161202 132140641,1.06735,1.06718,0
20161202 132140739,1.06737,1.06721,0
20161202 132142837,1.06734,1.06717,0
20161202 132145557,1.06731,1.06715,0
20161202 132152564,1.06734,1.06718,0
20161202 132158391,1.06737,1.0672,0
20161202 132158602,1.06733,1.06718,0
20161202 132210908,1.06738,1.0672,0
20161202 132212886,1.06734,1.06719,0
20161202 132241704,1.06738,1.06722,0
20161202 132300929,1.06736,1.06721,0
20161202 132311257,1.06733,1.06718,0
20161202 132315141,1.06738,1.06719,0
20161202 132322110,1.0674,1.06722,0
20161202 132326390,1.06744,1.06727,0
20161202 132411210,1.06746,1.06729,0
20161202 132411598,1.06749,1.06731,0
20161202 132411867,1.0675,1.06735,0
20161202 132414136,1.06753,1.06736,0
20161202 132417207,1.06758,1.06741,0
20161202 132420319,1.0676,1.06744,0
20161202 132420692,1.06765,1.06748,0
20161202 132427444,1.0676,1.06744,0
20161202 132431702,1.06762,1.06746,0
20161202 132432092,1.06761,1.06743,0
20161202 132435362,1.06759,1.06741,0
20161202 132456714,1.06749,1.06733,0
20161202 132506854,1.06753,1.06735,0
20161202 132507011,1.06755,1.06738,0
20161202 132537118,1.06749,1.06734,0
20161202 132550243,1.06747,1.06729,0
20161202 132551612,1.06744,1.06727,0
20161202 132605388,1.06748,1.06732,0
20161202 132605890,1.0675,1.06735,0
20161202 132650569,1.06753,1.06736,0
20161202 132728229,1.06749,1.06734,0
20161202 132751096,1.06754,1.06738,0
20161202 132800638,1.06759,1.06744,0
20161202 132805482,1.06762,1.06746,0
20161202 132812788,1.0676,1.06743,0
20161202 132814727,1.06757,1.0674,0
20161202 132816937,1.06757,1.06742,0
20161202 132822171,1.06761,1.06743,0
20161202 132822299,1.06767,1.06749,0
20161202 132822705,1.06764,1.06747,0
20161202 132824080,1.06766,1.06749,0
20161202 132824498,1.06771,1.06753,0
20161202 132828112,1.06766,1.06748,0
20161202 132829463,1.06763,1.06745,0
20161202 132829545,1.0676,1.06744,0
20161202 132831227,1.06768,1.06752,0
20161202 132831639,1.06768,1.06752,0
20161202 132832139,1.06768,1.06752,0
20161202 132837064,1.06772,1.06754,0
20161202 132846263,1.0677,1.06753,0
20161202 132846286,1.06767,1.0675,0
20161202 132849200,1.06763,1.06746,0
20161202 132854297,1.06764,1.06749,0
20161202 132901208,1.06763,1.06746,0
20161202 132902027,1.0676,1.06743,0
20161202 132902220,1.06755,1.06738,0
20161202 132903783,1.06759,1.06744,0
20161202 132909514,1.06752,1.06734,0
20161202 132909749,1.06748,1.06733,0
20161202 132928082,1.06754,1.06736,0
20161202 132929263,1.06756,1.06739,0
20161202 132930433,1.06749,1.06734,0
20161202 132932781,1.06747,1.06731,0
20161202 132933441,1.06744,1.06727,0
20161202 132934961,1.06746,1.0673,0
20161202 132935046,1.06748,1.06733,0
20161202 132944069,1.0675,1.06735,0
20161202 132944707,1.06748,1.06733,0
20161202 132946208,1.06743,1.06728,0
20161202 132947817,1.06746,1.0673,0
20161202 132949307,1.06743,1.06728,0
20161202 132951561,1.06746,1.0673,0
20161202 132953249,1.06748,1.06732,0
20161202 132954928,1.06751,1.06735,0
20161202 132956837,1.06749,1.06733,0
20161202 132957784,1.06746,1.06731,0
20161202 132959435,1.06744,1.06726,0
20161202 133000387,1.06744,1.06729,0
20161202 133001755,1.06748,1.06731,0
20161202 133015636,1.06745,1.06729,0
20161202 133019962,1.0674,1.06724,0
20161202 133023961,1.06737,1.06721,0
20161202 133024835,1.06735,1.06718,0
20161202 133031756,1.06737,1.06721,0
20161202 133053035,1.06739,1.06724,0
20161202 133053051,1.06741,1.06726,0
20161202 133058748,1.0674,1.06723,0
20161202 133100768,1.06736,1.06721,0
20161202 133101707,1.06735,1.06718,0
20161202 133105334,1.06732,1.06716,0
20161202 133107676,1.06729,1.06713,0
20161202 133107987,1.0673,1.06716,0
20161202 133133416,1.06729,1.06712,0
20161202 133147235,1.06731,1.06714,0
20161202 133147521,1.06731,1.06714,0
20161202 133204783,1.0673,1.06711,0
20161202 133210478,1.06724,1.06707,0
20161202 133212166,1.06727,1.0671,0
20161202 133213017,1.0673,1.06712,0
20161202 133215367,1.06726,1.0671,0
20161202 133220616,1.06724,1.06707,0
20161202 133233768,1.06721,1.06706,0
20161202 133234150,1.06724,1.06707,0
20161202 133247222,1.06718,1.06702,0
20161202 133316518,1.06722,1.06705,0
20161202 133318113,1.06716,1.06699,0
20161202 133318790,1.06716,1.06701,0
20161202 133320128,1.06721,1.06705,0
20161202 133331002,1.06719,1.06703,0
20161202 133357268,1.06716,1.06701,0
20161202 133400571,1.06725,1.06704,0
20161202 133400621,1.06727,1.06707,0
20161202 133404839,1.06723,1.06706,0
20161202 133420835,1.06737,1.06717,0
20161202 133427298,1.06739,1.06722,0
20161202 133439828,1.06737,1.06722,0
20161202 133441401,1.06741,1.06723,0
20161202 133441611,1.06737,1.06721,0
20161202 133443223,1.06734,1.06719,0
20161202 133443474,1.06732,1.06716,0
20161202 133444567,1.06729,1.06714,0
20161202 133444696,1.06722,1.06706,0
20161202 133444986,1.06726,1.06707,0
20161202 133446650,1.06723,1.06706,0
20161202 133511528,1.06721,1.06703,0
20161202 133511621,1.06718,1.06701,0
20161202 133512198,1.06715,1.06699,0
20161202 133516437,1.06718,1.06701,0
20161202 133517736,1.06715,1.06699,0
20161202 133532664,1.06713,1.06696,0
20161202 133534012,1.06715,1.06699,0
20161202 133534618,1.06712,1.06696,0
20161202 133601695,1.06716,1.06697,0
20161202 133617830,1.06717,1.067,0
20161202 133640632,1.06713,1.06698,0
20161202 133653868,1.06711,1.06695,0
20161202 133658400,1.06709,1.06693,0
20161202 133659812,1.067,1.06683,0
20161202 133706452,1.06702,1.06686,0
20161202 133706634,1.06699,1.06684,0
20161202 133711540,1.06703,1.06685,0
20161202 133717350,1.06705,1.0669,0
20161202 133724531,1.06704,1.06686,0
20161202 133724645,1.06701,1.06684,0
20161202 133801538,1.06693,1.06676,0
20161202 133803321,1.06684,1.06668,0
20161202 133804451,1.06681,1.06667,0
20161202 133807334,1.06684,1.06668,0
20161202 133810626,1.06686,1.06671,0
20161202 133810748,1.06688,1.06674,0
20161202 133813061,1.0668,1.06663,0
20161202 133813453,1.06675,1.06658,0
20161202 133814029,1.06677,1.0666,0
20161202 133815331,1.06679,1.06664,0
20161202 133816141,1.06682,1.06666,0
20161202 133817792,1.06678,1.0666,0
20161202 133819058,1.06674,1.06659,0
20161202 133820817,1.06671,1.06652,0
20161202 133820928,1.06668,1.06651,0
20161202 133830411,1.0667,1.06653,0
20161202 133832463,1.06675,1.06657,0
20161202 133836512,1.06678,1.0666,0
20161202 133839926,1.06674,1.06657,0
20161202 133843344,1.06677,1.06659,0
20161202 133845321,1.0668,1.06662,0
20161202 133845426,1.06682,1.06664,0
20161202 133848869,1.06679,1.06663,0
20161202 133849245,1.06677,1.06659,0
20161202 133852361,1.06674,1.06657,0
20161202 133852514,1.06677,1.06659,0
20161202 133855619,1.06674,1.06657,0
20161202 133855894,1.06671,1.06654,0
20161202 133857557,1.06667,1.06649,0
20161202 133908038,1.06664,1.06647,0
20161202 133908614,1.06665,1.06647,0
20161202 133916560,1.06663,1.06644,0
20161202 133919168,1.06659,1.06643,0
20161202 133921845,1.06653,1.06635,0
20161202 133928084,1.06649,1.06632,0
20161202 133930123,1.06647,1.0663,0
20161202 133930442,1.06644,1.06628,0
20161202 133932013,1.06642,1.06624,0
20161202 133933668,1.06643,1.06628,0
20161202 133935093,1.06638,1.06621,0
20161202 133935183,1.06636,1.06619,0
20161202 133937820,1.06641,1.0662,0
20161202 133954890,1.06637,1.06621,0
20161202 133955109,1.06627,1.0661,0
20161202 133957989,1.06627,1.06612,0
20161202 134001348,1.06626,1.06608,0
20161202 134003047,1.06628,1.06611,0
20161202 134004100,1.0663,1.06613,0
20161202 134006266,1.06628,1.06611,0
20161202 134012159,1.06631,1.06613,0
20161202 134013068,1.06636,1.06617,0
20161202 134013326,1.06644,1.06627,0
20161202 134013525,1.06641,1.06624,0
20161202 134013728,1.06638,1.06621,0
20161202 134015798,1.06635,1.0662,0
20161202 134017541,1.06634,1.06617,0
20161202 134018040,1.06637,1.06619,0
20161202 134019793,1.06642,1.06624,0
20161202 134020013,1.0664,1.06622,0
20161202 134020322,1.06638,1.0662,0
20161202 134021223,1.0664,1.06622,0
20161202 134022070,1.06638,1.0662,0
20161202 134028888,1.06634,1.06619,0
20161202 134029148,1.06631,1.06615,0
20161202 134029368,1.06635,1.06618,0
20161202 134029612,1.06637,1.06621,0
20161202 134030808,1.0663,1.06612,0
20161202 134033817,1.06625,1.0661,0
20161202 134034158,1.06628,1.06612,0
20161202 134059024,1.06625,1.0661,0
20161202 134059268,1.06629,1.06611,0
20161202 134100879,1.06625,1.06608,0
20161202 134110593,1.06627,1.06612,0
20161202 134112587,1.0663,1.06613,0
20161202 134114808,1.06626,1.06613,0
20161202 134118921,1.06634,1.06614,0
20161202 134119170,1.06643,1.06625,0
20161202 134119893,1.06646,1.06629,0
20161202 134120008,1.06651,1.06634,0
20161202 134120535,1.06649,1.06632,0
20161202 134134538,1.06644,1.06631,0
20161202 134135098,1.06651,1.06634,0
20161202 134135328,1.06648,1.06633,0
20161202 134135924,1.06646,1.06629,0
20161202 134136317,1.06651,1.06634,0
20161202 134136521,1.06657,1.0664,0
20161202 134142475,1.06655,1.0664,0
20161202 134152801,1.06652,1.06638,0
20161202 134155835,1.06651,1.06635,0
20161202 134156106,1.06653,1.06638,0
20161202 134158700,1.06657,1.0664,0
20161202 134204234,1.06654,1.06638,0
20161202 134209289,1.06652,1.06636,0
20161202 134211965,1.06649,1.06633,0
20161202 134212307,1.06653,1.06636,0
20161202 134212753,1.06649,1.06632,0
20161202 134213834,1.06647,1.06629,0
20161202 134218979,1.06648,1.06633,0
20161202 134240111,1.06646,1.0663,0
20161202 134240231,1.06643,1.06629,0
20161202 134241092,1.06645,1.06631,0
20161202 134241210,1.06643,1.06629,0
20161202 134245698,1.06645,1.06631,0
20161202 134251116,1.06648,1.06634,0
20161202 134305393,1.06644,1.06627,0
20161202 134306697,1.06649,1.06633,0
20161202 134306836,1.06652,1.06636,0
20161202 134308308,1.0665,1.06633,0
20161202 134308750,1.06653,1.06637,0
20161202 134310840,1.06651,1.06637,0
20161202 134312938,1.06649,1.06635,0
20161202 134313049,1.06647,1.06632,0
20161202 134331785,1.06645,1.06629,0
20161202 134332236,1.06641,1.06627,0
20161202 134333776,1.06644,1.06629,0
20161202 134340631,1.06647,1.06631,0
20161202 134341165,1.06642,1.06626,0
20161202 134359700,1.06647,1.06631,0
20161202 134404270,1.06645,1.06629,0
20161202 134411531,1.06647,1.06631,0
20161202 134413879,1.06652,1.06636,0
20161202 134419207,1.0665,1.06633,0
20161202 134419321,1.06647,1.0663,0
20161202 134420166,1.06649,1.06632,0
20161202 134425063,1.06651,1.06634,0
20161202 134446159,1.06649,1.06631,0
20161202 134455937,1.06646,1.06628,0
20161202 134459185,1.06643,1.06625,0
20161202 134501448,1.0664,1.06623,0
20161202 134501663,1.06631,1.06613,0
20161202 134501959,1.06626,1.06608,0
20161202 134502110,1.06617,1.06601,0
20161202 134503203,1.06622,1.06603,0
20161202 134503303,1.06624,1.06606,0
20161202 134503682,1.0663,1.06612,0
20161202 134504063,1.06627,1.0661,0
20161202 134507150,1.0663,1.06612,0
20161202 134507263,1.06632,1.06614,0
20161202 134509848,1.06638,1.0662,0
20161202 134521097,1.06641,1.06622,0
20161202 134528863,1.06642,1.06625,0
20161202 134529679,1.0663,1.06612,0
20161202 134529827,1.06627,1.06609,0
20161202 134530951,1.06619,1.06602,0
20161202 134534267,1.06622,1.06604,0
20161202 134536336,1.06617,1.06599,0
20161202 134537552,1.06614,1.06596,0
20161202 134538876,1.06617,1.06598,0
20161202 134540091,1.06614,1.06596,0
20161202 134540761,1.06611,1.06595,0
20161202 134542308,1.06607,1.06589,0
20161202 134543681,1.06613,1.06594,0
20161202 134543795,1.06613,1.06595,0
20161202 134546924,1.06615,1.06597,0
20161202 134551233,1.06613,1.06595,0
20161202 134552288,1.06608,1.06591,0
20161202 134555056,1.06602,1.06585,0
20161202 134555307,1.06607,1.0659,0
20161202 134555928,1.06609,1.06592,0
20161202 134556262,1.06611,1.06594,0
20161202 134558344,1.06616,1.06597,0
20161202 134558488,1.06617,1.066,0
20161202 134609712,1.06616,1.06597,0
20161202 134613333,1.06613,1.06596,0
20161202 134615619,1.06617,1.06598,0
20161202 134617860,1.06619,1.06601,0
20161202 134618228,1.06621,1.06603,0
20161202 134619741,1.06617,1.06601,0
20161202 134624151,1.06614,1.06598,0
20161202 134631956,1.06611,1.06594,0
20161202 134633371,1.06616,1.06599,0
20161202 134634012,1.06619,1.06601,0
20161202 134635718,1.0662,1.06604,0
20161202 134643169,1.06629,1.06611,0
20161202 134643650,1.0663,1.06613,0
20161202 134646260,1.06633,1.06615,0
20161202 134649671,1.06626,1.06603,0
20161202 134649846,1.06625,1.06606,0
20161202 134650107,1.06627,1.06609,0
20161202 134700447,1.06624,1.06607,0
20161202 134700634,1.06621,1.06606,0
20161202 134720980,1.06624,1.06608,0
20161202 134730471,1.06627,1.06609,0
20161202 134736208,1.06629,1.06613,0
20161202 134736689,1.06633,1.06616,0
20161202 134738905,1.06636,1.0662,0
20161202 134741042,1.0664,1.06623,0
20161202 134747303,1.06637,1.0662,0
20161202 134747578,1.06638,1.06624,0
20161202 134749888,1.06642,1.06625,0
20161202 134758383,1.06639,1.06622,0
20161202 134758501,1.06636,1.06619,0
20161202 134811602,1.06628,1.06609,0
20161202 134815736,1.06628,1.06611,0
20161202 134816788,1.06631,1.06613,0
20161202 134821243,1.06635,1.06618,0
20161202 134822005,1.06639,1.0662,0
20161202 134823993,1.06634,1.06602,0
20161202 134824119,1.06618,1.06589,0
20161202 134824363,1.06612,1.06588,0
20161202 134827588,1.06611,1.06592,0
20161202 134829616,1.06608,1.06591,0
20161202 134836055,1.06612,1.06593,0
20161202 134838152,1.06608,1.0659,0
20161202 134845194,1.06605,1.06589,0
20161202 134847933,1.06602,1.06586,0
20161202 134851209,1.06597,1.0658,0
20161202 134852028,1.06595,1.06578,0
20161202 134852602,1.06598,1.0658,0
20161202 134855173,1.06596,1.06577,0
20161202 134855388,1.06596,1.06578,0
20161202 134856108,1.06598,1.06581,0
20161202 134859693,1.06601,1.06583,0
20161202 134859761,1.06603,1.06586,0
20161202 134902230,1.06598,1.06582,0
20161202 134906107,1.06596,1.06579,0
20161202 134906609,1.066,1.06581,0
20161202 134911989,1.06608,1.06589,0
20161202 134912152,1.0661,1.06591,0
20161202 134918166,1.06606,1.06591,0
20161202 134931792,1.06609,1.06592,0
20161202 134932320,1.06611,1.06594,0
20161202 134937002,1.06613,1.06597,0
20161202 134937220,1.06617,1.06599,0
20161202 135009576,1.06614,1.06597,0
20161202 135016180,1.06615,1.06601,0
20161202 135016874,1.0662,1.06604,0
20161202 135018406,1.06618,1.066,0
20161202 135023759,1.06618,1.06602,0
20161202 135023784,1.06621,1.06604,0
20161202 135031157,1.06625,1.06609,0
20161202 135032613,1.06628,1.06612,0
20161202 135045731,1.06625,1.06609,0
20161202 135045815,1.06623,1.06606,0
20161202 135059636,1.06624,1.0661,0
20161202 135113633,1.0663,1.06613,0
20161202 135114133,1.0663,1.06613,0
20161202 135115417,1.06631,1.06617,0
20161202 135123656,1.0663,1.06613,0
20161202 135124820,1.06627,1.06611,0
20161202 135134334,1.06625,1.06608,0
20161202 135134677,1.0663,1.06614,0
20161202 135134808,1.06627,1.06611,0
20161202 135144941,1.0662,1.06598,0
20161202 135147619,1.06613,1.06598,0
20161202 135148247,1.06616,1.06599,0
20161202 135150155,1.06621,1.06603,0
20161202 135150323,1.06618,1.06602,0
20161202 135207188,1.06614,1.066,0
20161202 135208257,1.06607,1.06591,0
20161202 135208470,1.06609,1.06594,0
20161202 135208808,1.06607,1.06592,0
20161202 135237636,1.0661,1.06593,0
20161202 135237994,1.06612,1.06596,0
20161202 135239138,1.06615,1.06598,0
20161202 135239453,1.06616,1.06601,0
20161202 135239732,1.06616,1.06601,0
20161202 135240232,1.06616,1.06601,0
20161202 135246510,1.06608,1.06589,0
20161202 135254068,1.0661,1.06593,0
20161202 135255326,1.06612,1.06596,0
20161202 135255651,1.06615,1.06598,0
20161202 135257712,1.06617,1.06601,0
20161202 135300385,1.06619,1.06603,0
20161202 135300628,1.06616,1.06601,0
20161202 135303837,1.0662,1.06602,0
20161202 135304343,1.06617,1.06601,0
20161202 135314236,1.06619,1.06603,0
20161202 135314799,1.06617,1.06601,0
20161202 135317779,1.06614,1.06598,0
20161202 135317841,1.06611,1.06594,0
20161202 135323030,1.06609,1.06591,0
20161202 135323124,1.06606,1.06587,0
20161202 135328744,1.06608,1.06591,0
20161202 135407270,1.06594,1.06577,0
20161202 135407639,1.06594,1.06577,0
20161202 135409896,1.06596,1.06579,0
20161202 135410382,1.06587,1.0657,0
20161202 135413487,1.06588,1.06573,0
20161202 135417127,1.0659,1.06576,0
20161202 135423183,1.06587,1.0657,0
20161202 135424919,1.06589,1.06572,0
20161202 135429695,1.06584,1.06567,0
20161202 135429912,1.06581,1.06565,0
20161202 135430865,1.06578,1.06561,0
20161202 135432824,1.0658,1.06564,0
20161202 135435756,1.06582,1.06566,0
20161202 135437271,1.06585,1.06569,0
20161202 135437910,1.06587,1.06572,0
20161202 135440655,1.06577,1.06561,0
20161202 135441179,1.06577,1.06561,0
20161202 135441679,1.06577,1.06561,0
20161202 135446722,1.0657,1.0655,0
20161202 135447835,1.06571,1.06554,0
20161202 135449791,1.06574,1.06557,0
20161202 135449831,1.06578,1.06562,0
20161202 135450129,1.06581,1.06565,0
20161202 135451835,1.06578,1.06563,0
20161202 135452379,1.06573,1.06556,0
20161202 135452958,1.06574,1.06556,0
20161202 135453727,1.06575,1.06561,0
20161202 135453908,1.06575,1.06556,0
20161202 135457851,1.06571,1.06555,0
20161202 135459237,1.06573,1.06558,0
20161202 135500319,1.06575,1.0656,0
20161202 135502806,1.06574,1.06556,0
20161202 135504948,1.06571,1.06555,0
20161202 135505436,1.06572,1.06558,0
20161202 135506349,1.06575,1.0656,0
20161202 135507907,1.06573,1.06558,0
20161202 135509756,1.06568,1.06554,0
20161202 135510712,1.06571,1.06555,0
20161202 135516808,1.06577,1.06559,0
20161202 135523924,1.06575,1.06556,0
20161202 135524204,1.06569,1.06552,0
20161202 135524396,1.06566,1.06547,0
20161202 135524572,1.06567,1.0655,0
20161202 135524896,1.06567,1.0655,0
20161202 135525431,1.06571,1.06555,0
20161202 135526016,1.06574,1.06558,0
20161202 135529064,1.06578,1.0656,0
20161202 135530595,1.06579,1.06563,0
20161202 135531057,1.06576,1.06558,0
20161202 135531126,1.06573,1.06556,0
20161202 135531360,1.06577,1.0656,0
20161202 135537661,1.06582,1.06565,0
20161202 135538695,1.06582,1.06565,0
20161202 135539195,1.06582,1.06565,0
20161202 135541053,1.06584,1.06568,0
20161202 135541110,1.06587,1.06571,0
20161202 135542909,1.06585,1.06568,0
20161202 135545478,1.0658,1.06563,0
20161202 135556568,1.06582,1.06565,0
20161202 135556724,1.06586,1.0657,0
20161202 135608751,1.06589,1.06572,0
20161202 135613705,1.06591,1.06575,0
20161202 135613935,1.06588,1.06574,0
20161202 135617910,1.06592,1.06576,0
20161202 135619892,1.06594,1.0658,0
20161202 135632898,1.06593,1.06576,0
20161202 135705932,1.06589,1.06573,0
20161202 135706831,1.06587,1.06571,0
20161202 135721948,1.06589,1.06573,0
20161202 135722682,1.06587,1.06571,0
20161202 135732173,1.06589,1.06574,0
20161202 135742144,1.06592,1.06576,0
20161202 135742656,1.06595,1.06578,0
20161202 135743344,1.06596,1.06581,0
20161202 135750333,1.06599,1.06583,0
20161202 135806443,1.06597,1.06581,0
20161202 135806667,1.06595,1.06578,0
20161202 135807266,1.06596,1.06581,0
20161202 135812521,1.06599,1.06583,0
20161202 135814237,1.06597,1.06581,0
20161202 135818644,1.06594,1.06578,0
20161202 135819653,1.06596,1.0658,0
20161202 135823348,1.06599,1.06583,0
20161202 135823702,1.06602,1.06586,0
20161202 135824349,1.066,1.06584,0
20161202 135825608,1.06602,1.06586,0
20161202 135826548,1.066,1.06583,0
20161202 135827130,1.06596,1.06581,0
20161202 135828488,1.06594,1.06579,0
20161202 135828640,1.06597,1.0658,0
20161202 135834587,1.06594,1.06579,0
20161202 135834740,1.06591,1.06575,0
20161202 135835711,1.06592,1.06577,0
20161202 135843530,1.0659,1.06574,0
20161202 135843860,1.06587,1.06571,0
20161202 135844834,1.06583,1.06568,0
20161202 135845181,1.06585,1.06569,0
20161202 135849567,1.06588,1.06571,0
20161202 135850207,1.06591,1.06573,0
20161202 135854143,1.06593,1.06575,0
20161202 135900083,1.06587,1.06572,0
20161202 135902561,1.06586,1.06569,0
20161202 135902682,1.06582,1.06567,0
20161202 135908086,1.06586,1.06568,0
20161202 135908387,1.06588,1.0657,0
20161202 135910164,1.06589,1.06574,0
20161202 135910492,1.06587,1.06571,0
20161202 135931143,1.06589,1.06573,0
20161202 135934204,1.06587,1.06571,0
20161202 140000384,1.0659,1.06574,0
20161202 140003189,1.06592,1.06577,0
20161202 140003518,1.06599,1.06582,0
20161202 140012863,1.06602,1.06584,0
20161202 140015306,1.06602,1.06589,0
20161202 140018437,1.06607,1.0659,0
20161202 140022281,1.06612,1.06595,0
20161202 140031602,1.06617,1.066,0
20161202 140032563,1.06622,1.06602,0
20161202 140036437,1.06626,1.06609,0
20161202 140038295,1.06624,1.06606,0
20161202 140043487,1.0662,1.06603,0
20161202 140044521,1.06622,1.06604,0
20161202 140045925,1.06623,1.06608,0
20161202 140046234,1.06627,1.06609,0
20161202 140055799,1.06631,1.06615,0
20161202 140059157,1.06635,1.06617,0
20161202 140059516,1.06632,1.06615,0
20161202 140059832,1.06629,1.06613,0
20161202 140100050,1.06629,1.06613,0
20161202 140101578,1.06627,1.06611,0
20161202 140102121,1.06629,1.06613,0
20161202 140104691,1.06627,1.06611,0
20161202 140130334,1.06624,1.06608,0
20161202 140135771,1.06626,1.06611,0
20161202 140210586,1.06632,1.06615,0
20161202 140212552,1.06634,1.06618,0
20161202 140217892,1.06636,1.0662,0
20161202 140224859,1.06634,1.06618,0
20161202 140235028,1.06631,1.06616,0
20161202 140241384,1.06629,1.06611,0
20161202 140241776,1.06622,1.06605,0
20161202 140250910,1.06619,1.06603,0
20161202 140251856,1.06622,1.06605,0
20161202 140258387,1.06624,1.06607,0
20161202 140259016,1.06627,1.0661,0
20161202 140315925,1.06629,1.06612,0
20161202 140316660,1.06627,1.0661,0
20161202 140318934,1.06624,1.06608,0
20161202 140326850,1.06622,1.06605,0
20161202 140334838,1.06624,1.06608,0
20161202 140341181,1.06628,1.0661,0
20161202 140351852,1.06631,1.06614,0
20161202 140400005,1.06628,1.06612,0
20161202 140433284,1.06631,1.06614,0
20161202 140434119,1.06639,1.06622,0
20161202 140441280,1.06641,1.06625,0
20161202 140444490,1.06639,1.06622,0
20161202 140445911,1.06637,1.06619,0
20161202 140447469,1.06634,1.06617,0
20161202 140451720,1.06631,1.06613,0
20161202 140456568,1.06631,1.06615,0
20161202 140500419,1.06627,1.0661,0
20161202 140520032,1.06624,1.06607,0
20161202 140522687,1.06621,1.06604,0
20161202 140523613,1.06623,1.06606,0
20161202 140534127,1.0662,1.06602,0
20161202 140534253,1.06617,1.066,0
20161202 140534849,1.06613,1.06595,0
20161202 140536056,1.06608,1.06591,0
20161202 140558188,1.0661,1.06593,0
20161202 140559401,1.06608,1.06591,0
20161202 140602799,1.06608,1.06592,0
20161202 140607612,1.06598,1.06582,0
20161202 140607708,1.06597,1.06579,0
20161202 140623854,1.06588,1.06571,0
20161202 140640220,1.06586,1.06569,0
20161202 140645709,1.06587,1.06572,0
20161202 140645796,1.0659,1.06574,0
20161202 140646031,1.06592,1.06576,0
20161202 140649537,1.06595,1.06579,0
20161202 140650524,1.06598,1.06581,0
20161202 140651153,1.066,1.06584,0
20161202 140655393,1.06603,1.06586,0
20161202 140704552,1.06601,1.06584,0
20161202 140707740,1.06603,1.06587,0
20161202 140727001,1.06606,1.06589,0
20161202 140731624,1.06603,1.06586,0
20161202 140829686,1.06606,1.06589,0
20161202 140837711,1.06611,1.06595,0
20161202 140839727,1.06613,1.06597,0
20161202 140914224,1.06619,1.06602,0
20161202 140920907,1.06622,1.06605,0
20161202 140934082,1.06625,1.06608,0
20161202 140936932,1.06627,1.06611,0
20161202 141020895,1.06624,1.06608,0
20161202 141028124,1.06621,1.066,0
20161202 141030172,1.06621,1.06605,0
20161202 141033382,1.06623,1.06607,0
20161202 141033811,1.06626,1.0661,0
20161202 141041813,1.06624,1.06608,0
20161202 141052934,1.06621,1.06606,0
20161202 141101813,1.06625,1.06608,0
20161202 141105911,1.06628,1.06612,0
20161202 141119219,1.06625,1.06609,0
20161202 141124333,1.06622,1.06608,0
20161202 141130530,1.06625,1.06609,0
20161202 141132816,1.06627,1.06612,0
20161202 141136110,1.06625,1.06609,0
20161202 141148800,1.06622,1.06607,0
20161202 141157132,1.0662,1.06604,0
20161202 141157735,1.06622,1.06607,0
20161202 141201831,1.0662,1.06604,0
20161202 141202352,1.06617,1.06602,0
20161202 141220027,1.0662,1.06604,0
20161202 141221379,1.06623,1.06606,0
20161202 141228728,1.0662,1.06604,0
20161202 141228774,1.06618,1.06602,0
20161202 141243109,1.06614,1.06597,0
20161202 141243856,1.06608,1.06591,0
20161202 141244247,1.06602,1.06586,0
20161202 141246490,1.06606,1.06589,0
20161202 141249284,1.06609,1.06593,0
20161202 141250448,1.06608,1.06591,0
20161202 141251513,1.06606,1.06588,0
20161202 141251600,1.06603,1.06586,0
20161202 141304691,1.06598,1.06581,0
20161202 141304926,1.06592,1.06576,0
20161202 141312533,1.06595,1.06579,0
20161202 141312758,1.06601,1.06585,0
20161202 141313195,1.06599,1.06582,0
20161202 141319398,1.06596,1.0658,0
20161202 141320915,1.06599,1.06582,0
20161202 141333032,1.06596,1.0658,0
20161202 141336213,1.06594,1.06578,0
20161202 141337728,1.06597,1.0658,0
20161202 141344522,1.06602,1.06585,0
20161202 141344836,1.06599,1.06584,0
20161202 141346308,1.06597,1.0658,0
20161202 141346674,1.06594,1.06578,0
20161202 141349948,1.06591,1.06576,0
20161202 141406235,1.06589,1.06572,0
20161202 141408129,1.06591,1.06575,0
20161202 141423913,1.06589,1.06573,0
20161202 141424134,1.06592,1.06576,0
20161202 141438818,1.0659,1.06573,0
20161202 141506871,1.06592,1.06576,0
20161202 141537948,1.06595,1.06578,0
20161202 141538200,1.06593,1.06576,0
20161202 141556206,1.06595,1.06579,0
20161202 141616374,1.06592,1.06575,0
20161202 141644625,1.06588,1.06573,0
20161202 141645752,1.06586,1.06571,0
20161202 141707825,1.06584,1.06568,0
20161202 141712348,1.06587,1.0657,0
20161202 141718082,1.06589,1.06572,0
20161202 141718120,1.06591,1.06575,0
20161202 141726067,1.06589,1.06572,0
20161202 141726607,1.06592,1.06575,0
20161202 141730194,1.06595,1.06578,0
20161202 141731346,1.06597,1.06582,0
20161202 141736210,1.06601,1.06584,0
20161202 141737176,1.06603,1.06586,0
20161202 141744049,1.06601,1.06583,0
20161202 141744108,1.06598,1.06582,0
20161202 141751776,1.06596,1.06579,0
20161202 141754964,1.06593,1.06578,0
20161202 141759316,1.06591,1.06575,0
20161202 141804310,1.06594,1.06576,0
20161202 141804839,1.06591,1.06575,0
20161202 141816610,1.06593,1.06577,0
20161202 141824632,1.06591,1.06575,0
20161202 141835089,1.06592,1.06575,0
20161202 141859986,1.06589,1.06572,0
20161202 141906204,1.06586,1.06571,0
20161202 141907379,1.06584,1.06567,0
20161202 141916811,1.06587,1.06569,0
20161202 141929079,1.06589,1.06572,0
20161202 141931982,1.06591,1.06575,0
20161202 141935133,1.06593,1.06577,0
20161202 141946559,1.0659,1.06574,0
20161202 141946890,1.0659,1.06576,0
20161202 142011054,1.06588,1.06572,0
20161202 142029463,1.06593,1.06574,0
20161202 142029669,1.06595,1.06577,0
20161202 142041507,1.06592,1.06576,0
20161202 142048035,1.06591,1.06573,0
20161202 142051553,1.06588,1.06571,0
20161202 142052100,1.06586,1.06568,0
20161202 142053568,1.06589,1.06571,0
20161202 142124215,1.06593,1.06575,0
20161202 142131146,1.06595,1.06579,0
20161202 142140475,1.06592,1.06575,0
20161202 142152632,1.06596,1.0658,0
20161202 142153607,1.06598,1.06583,0
20161202 142200089,1.06596,1.0658,0
20161202 142204269,1.06599,1.06583,0
20161202 142204534,1.06605,1.06587,0
20161202 142208587,1.06609,1.06593,0
20161202 142208657,1.06612,1.06595,0
20161202 142230107,1.06614,1.06598,0
20161202 142230173,1.06616,1.066,0
20161202 142232808,1.06617,1.06604,0
20161202 142233188,1.06615,1.06596,0
20161202 142236766,1.06611,1.06595,0
20161202 142257711,1.06608,1.06592,0
20161202 142304599,1.06611,1.06594,0
20161202 142311952,1.06608,1.06593,0
20161202 142312333,1.06607,1.0659,0
20161202 142319056,1.0661,1.06592,0
20161202 142319348,1.06612,1.06594,0
20161202 142333784,1.06608,1.06592,0
20161202 142335315,1.06611,1.06594,0
20161202 142338698,1.06614,1.06596,0
20161202 142405960,1.06612,1.06594,0
20161202 142414983,1.06614,1.06597,0
20161202 142415379,1.06616,1.06599,0
20161202 142420589,1.06621,1.06605,0
20161202 142430134,1.06623,1.06607,0
20161202 142435396,1.06616,1.066,0
20161202 142450853,1.06619,1.06602,0
20161202 142451151,1.06621,1.06605,0
20161202 142453392,1.06623,1.06607,0
20161202 142526454,1.06621,1.06603,0
20161202 142526570,1.06618,1.06601,0
20161202 142526852,1.06623,1.06606,0
20161202 142537694,1.06628,1.06611,0
20161202 142538886,1.0663,1.06613,0
20161202 142541143,1.06628,1.06611,0
20161202 142544696,1.06631,1.06613,0
20161202 142545050,1.06628,1.06611,0
20161202 142547171,1.06625,1.06608,0
20161202 142547590,1.06622,1.06606,0
20161202 142554429,1.0662,1.06603,0
20161202 142554509,1.06618,1.066,0
20161202 142555749,1.06621,1.06602,0
20161202 142556443,1.06623,1.06604,0
20161202 142556528,1.06621,1.06602,0
20161202 142557449,1.06623,1.06605,0
20161202 142557831,1.0662,1.06603,0
20161202 142602753,1.06617,1.066,0
20161202 142603065,1.06615,1.06598,0
20161202 142606117,1.06613,1.06596,0
20161202 142620055,1.06617,1.06599,0
20161202 142622443,1.06614,1.06597,0
20161202 142625238,1.06611,1.06595,0
20161202 142627884,1.06614,1.06596,0
20161202 142631907,1.06616,1.066,0
20161202 142634644,1.06623,1.06605,0
20161202 142645969,1.06628,1.0661,0
20161202 142646329,1.06631,1.06613,0
20161202 142657517,1.06627,1.0661,0
20161202 142719180,1.06629,1.06614,0
20161202 142719861,1.06628,1.06611,0
20161202 142738131,1.06623,1.06605,0
20161202 142739764,1.06626,1.06608,0
20161202 142742372,1.06629,1.06612,0
20161202 142744578,1.06626,1.06607,0
20161202 142745288,1.06628,1.0661,0
20161202 142753169,1.06632,1.06613,0
20161202 142757577,1.0663,1.06612,0
20161202 142802235,1.06632,1.06615,0
20161202 142810964,1.06635,1.06618,0
20161202 142811169,1.06638,1.06621,0
20161202 142815937,1.06636,1.06621,0
20161202 142816085,1.06634,1.06617,0
20161202 142819667,1.0663,1.06614,0
20161202 142819986,1.06628,1.0661,0
20161202 142820085,1.06625,1.06607,0
20161202 142821619,1.06622,1.06604,0
20161202 142850797,1.0662,1.06601,0
20161202 142851995,1.06616,1.066,0
20161202 142852823,1.06614,1.06598,0
20161202 142853247,1.06611,1.06595,0
20161202 142854029,1.06613,1.06597,0
20161202 142855280,1.06611,1.06595,0
20161202 142856291,1.06608,1.06592,0
20161202 142858613,1.06612,1.06594,0
20161202 142903552,1.06614,1.06597,0
20161202 142906765,1.06611,1.06594,0
20161202 142908456,1.06609,1.06592,0
20161202 142911497,1.06611,1.06595,0
20161202 142912686,1.06616,1.06599,0
20161202 142913251,1.06611,1.06595,0
20161202 142928912,1.06608,1.06592,0
20161202 142931790,1.0661,1.06595,0
20161202 142935187,1.06608,1.06592,0
20161202 143000709,1.06605,1.0659,0
20161202 143047467,1.06604,1.06586,0
20161202 143101483,1.06611,1.06594,0
20161202 143102808,1.06616,1.06596,0
20161202 143108015,1.06614,1.06596,0
20161202 143116767,1.0661,1.06591,0
20161202 143117855,1.06612,1.06595,0
20161202 143124248,1.06604,1.06583,0
20161202 143124378,1.06598,1.0658,0
20161202 143127778,1.06602,1.06585,0
20161202 143204338,1.066,1.06583,0
20161202 143208212,1.06598,1.0658,0
20161202 143210501,1.06601,1.06583,0
20161202 143212700,1.06598,1.06581,0
20161202 143215170,1.06601,1.06583,0
20161202 143244327,1.06606,1.06588,0
20161202 143244387,1.06608,1.0659,0
20161202 143244844,1.06605,1.06588,0
20161202 143250261,1.06608,1.0659,0
20161202 143252847,1.0661,1.06593,0
20161202 143253205,1.06608,1.06589,0
20161202 143255960,1.06608,1.06591,0
20161202 143257889,1.0661,1.06591,0
20161202 143258220,1.06612,1.06594,0
20161202 143258680,1.06608,1.06591,0
20161202 143304510,1.06604,1.06586,0
20161202 143313542,1.06607,1.06589,0
20161202 143315892,1.0661,1.06592,0
20161202 143317598,1.06608,1.06589,0
20161202 143340509,1.06611,1.06593,0
20161202 143340887,1.06613,1.06595,0
20161202 143420571,1.06608,1.06591,0
20161202 143427207,1.06606,1.06588,0
20161202 143435150,1.0661,1.06593,0
20161202 143444597,1.06612,1.06596,0
20161202 143459432,1.06617,1.066,0
20161202 143501286,1.06622,1.06604,0
20161202 143504062,1.06619,1.06601,0
20161202 143515019,1.06614,1.06597,0
20161202 143516209,1.06616,1.06599,0
20161202 143517671,1.06614,1.06597,0
20161202 143536633,1.06611,1.06595,0
20161202 143538558,1.06607,1.0659,0
20161202 143542848,1.0661,1.06592,0
20161202 143546636,1.06612,1.06595,0
20161202 143552019,1.06615,1.06597,0
20161202 143600380,1.06618,1.066,0
20161202 143601812,1.06615,1.06598,0
20161202 143602868,1.06617,1.066,0
20161202 143608366,1.0662,1.06603,0
20161202 143610807,1.06617,1.066,0
20161202 143620077,1.06619,1.06603,0
20161202 143625378,1.06617,1.06601,0
20161202 143636558,1.06612,1.06596,0
20161202 143637958,1.06611,1.06593,0
20161202 143651177,1.06612,1.06596,0
20161202 143728087,1.06601,1.0658,0
20161202 143728227,1.06597,1.06578,0
20161202 143730958,1.06598,1.06582,0
20161202 143737584,1.06596,1.06578,0
20161202 143737636,1.06593,1.06576,0
20161202 143746003,1.0659,1.06573,0
20161202 143756995,1.06592,1.06576,0
20161202 143803738,1.06596,1.06578,0
20161202 143806074,1.0659,1.06573,0
20161202 143806372,1.0659,1.06573,0
20161202 143808978,1.06587,1.0657,0
20161202 143814106,1.06584,1.06567,0
20161202 143839895,1.06587,1.0657,0
20161202 143906336,1.06592,1.06575,0
20161202 143913127,1.06598,1.0658,0
20161202 143921367,1.0659,1.06571,0
20161202 143921606,1.06589,1.06573,0
20161202 143923058,1.06591,1.06576,0
20161202 143923591,1.0659,1.06572,0
20161202 143924049,1.06592,1.06574,0
20161202 143925507,1.06586,1.0657,0
20161202 143927314,1.0659,1.06572,0
20161202 143927506,1.06591,1.06575,0
20161202 143932773,1.06597,1.0658,0
20161202 143934171,1.06593,1.06576,0
20161202 144000341,1.0659,1.06572,0
20161202 144000551,1.06587,1.0657,0
20161202 144003839,1.066,1.0658,0
20161202 144003922,1.06601,1.06583,0
20161202 144004206,1.06604,1.06587,0
20161202 144010383,1.06603,1.06585,0
20161202 144014125,1.06605,1.06587,0
20161202 144019370,1.06602,1.06585,0
20161202 144023077,1.06604,1.06587,0
20161202 144023185,1.06606,1.0659,0
20161202 144028222,1.06604,1.06587,0
20161202 144028654,1.06607,1.0659,0
20161202 144029883,1.06611,1.06594,0
20161202 144034107,1.06607,1.0659,0
20161202 144035091,1.06605,1.06587,0
20161202 144035174,1.06603,1.06585,0
20161202 144043407,1.06604,1.06588,0
20161202 144047869,1.06607,1.0659,0
20161202 144048471,1.06605,1.06587,0
20161202 144053886,1.06602,1.06585,0
20161202 144054108,1.06605,1.06586,0
20161202 144055511,1.06602,1.06585,0
20161202 144058045,1.06596,1.0658,0
20161202 144112754,1.06603,1.06584,0
20161202 144128028,1.06603,1.06589,0
20161202 144131347,1.066,1.06585,0
20161202 144135223,1.06604,1.06587,0
20161202 144139766,1.06605,1.06591,0
20161202 144144269,1.06603,1.06588,0
20161202 144145753,1.06607,1.0659,0
20161202 144150323,1.06604,1.06589,0
20161202 144151532,1.06602,1.06586,0
20161202 144157305,1.06598,1.06581,0
20161202 144222451,1.06595,1.06579,0
20161202 144236271,1.06593,1.06576,0
20161202 144255708,1.06588,1.06571,0
20161202 144301364,1.06591,1.06574,0
20161202 144308856,1.06596,1.06579,0
20161202 144309309,1.06593,1.06577,0
20161202 144312671,1.06591,1.06574,0
20161202 144312786,1.06588,1.06572,0
20161202 144313014,1.06591,1.06575,0
20161202 144322657,1.06589,1.06572,0
20161202 144324188,1.06587,1.0657,0
20161202 144349776,1.06588,1.06573,0
20161202 144402507,1.06591,1.06575,0
20161202 144415790,1.06587,1.0657,0
20161202 144426028,1.06589,1.06572,0
20161202 144428349,1.06591,1.06575,0
20161202 144443964,1.06588,1.06572,0
20161202 144502705,1.06591,1.06574,0
20161202 144506770,1.06593,1.06577,0
20161202 144508500,1.06596,1.0658,0
20161202 144513657,1.066,1.06582,0
20161202 144519273,1.06597,1.06581,0
20161202 144519869,1.066,1.06582,0
20161202 144520942,1.06597,1.0658,0
20161202 144535589,1.06595,1.06578,0
20161202 144537279,1.06597,1.0658,0
20161202 144538022,1.06593,1.06576,0
20161202 144551215,1.0659,1.06573,0
20161202 144552300,1.06587,1.0657,0
20161202 144603325,1.06589,1.06573,0
20161202 144604109,1.06592,1.06575,0
20161202 144616668,1.0659,1.06572,0
20161202 144617091,1.06591,1.06575,0
20161202 144618131,1.0659,1.06572,0
20161202 144620092,1.06591,1.06575,0
20161202 144623546,1.06589,1.06571,0
20161202 144630299,1.06591,1.06575,0
20161202 144647085,1.06593,1.06577,0
20161202 144658120,1.06596,1.06579,0
20161202 144658706,1.06594,1.06577,0
20161202 144700055,1.06596,1.06579,0
20161202 144700882,1.06591,1.06575,0
20161202 144701088,1.06587,1.0657,0
20161202 144704285,1.06584,1.06567,0
20161202 144705921,1.06587,1.06569,0
20161202 144713841,1.06589,1.06572,0
20161202 144715481,1.06592,1.06575,0
20161202 144716532,1.06589,1.06573,0
20161202 144716947,1.06592,1.06575,0
20161202 144720749,1.06595,1.06579,0
20161202 144732198,1.06599,1.06581,0
20161202 144734990,1.06596,1.06579,0
20161202 144739370,1.06598,1.06582,0
20161202 144800778,1.06596,1.06579,0
20161202 144801115,1.06599,1.06582,0
20161202 144803826,1.06596,1.0658,0
20161202 144806800,1.06599,1.06582,0
20161202 144815613,1.06601,1.06585,0
20161202 144845168,1.06599,1.06581,0
20161202 144845556,1.06595,1.06579,0
20161202 144845749,1.06593,1.06576,0
20161202 144854909,1.06595,1.06578,0
20161202 144858618,1.06597,1.0658,0
20161202 144901916,1.066,1.06583,0
20161202 144941893,1.06603,1.06586,0
20161202 145000116,1.06599,1.06581,0
20161202 145024032,1.06601,1.06584,0
20161202 145025207,1.06603,1.06586,0
20161202 145036935,1.06598,1.06581,0
20161202 145039435,1.06595,1.06579,0
20161202 145053384,1.06593,1.06576,0
20161202 145221762,1.06596,1.06578,0
20161202 145222501,1.06593,1.06576,0
20161202 145239188,1.06596,1.06579,0
20161202 145251134,1.06594,1.06579,0
20161202 145302116,1.06597,1.06582,0
20161202 145435701,1.066,1.06584,0
20161202 145450082,1.06597,1.06582,0
20161202 145500939,1.06595,1.06578,0
20161202 145532067,1.06593,1.06576,0
20161202 145536149,1.0659,1.06574,0
20161202 145539114,1.06588,1.06571,0
20161202 145546021,1.06585,1.06568,0
20161202 145546092,1.06577,1.06559,0
20161202 145547113,1.06577,1.06561,0
20161202 145600778,1.06573,1.06555,0
20161202 145603899,1.06576,1.06557,0
20161202 145610230,1.06573,1.06556,0
20161202 145623524,1.06578,1.0656,0
20161202 145625808,1.06576,1.06558,0
20161202 145629402,1.06573,1.06555,0
20161202 145637251,1.06571,1.06553,0
20161202 145639223,1.06573,1.06555,0
20161202 145643613,1.0657,1.06554,0
20161202 145647128,1.06573,1.06555,0
20161202 145648234,1.0657,1.06553,0
20161202 145659087,1.06568,1.06551,0
20161202 145659587,1.06568,1.06551,0
20161202 145700172,1.06574,1.06556,0
20161202 145716293,1.06571,1.06554,0
20161202 145727360,1.06573,1.06557,0
20161202 145733815,1.06576,1.06559,0
20161202 145736669,1.06579,1.06562,0
20161202 145737300,1.06581,1.06565,0
20161202 145743399,1.06584,1.06568,0
20161202 145743991,1.06587,1.0657,0
20161202 145745743,1.0659,1.06572,0
20161202 145746530,1.06587,1.0657,0
20161202 145750527,1.06589,1.06571,0
20161202 145758175,1.06591,1.06575,0
20161202 145804936,1.06589,1.06572,0
20161202 145807375,1.06587,1.0657,0
20161202 145824673,1.06592,1.06575,0
20161202 145826591,1.06595,1.06578,0
20161202 145828567,1.06597,1.0658,0
20161202 145831530,1.066,1.06582,0
20161202 145831657,1.06602,1.06585,0
20161202 145834658,1.06605,1.06587,0
20161202 145836623,1.06601,1.06584,0
20161202 145844490,1.06598,1.06581,0
20161202 145906907,1.06595,1.06578,0
20161202 145907550,1.06598,1.06579,0
20161202 145917177,1.06599,1.06583,0
20161202 145918322,1.06597,1.06581,0
20161202 145919504,1.06599,1.06583,0
20161202 145920033,1.06602,1.06585,0
20161202 145926978,1.06599,1.06582,0
20161202 145928515,1.06594,1.06577,0
20161202 145928785,1.06597,1.0658,0
20161202 145929328,1.066,1.06583,0
20161202 145931909,1.06602,1.06585,0
20161202 145932470,1.06599,1.06583,0
20161202 145936132,1.06597,1.0658,0
20161202 145938800,1.06595,1.06578,0
20161202 145938937,1.06593,1.06576,0
20161202 145940295,1.06592,1.06576,0
20161202 145940714,1.06592,1.06576,0
20161202 145941214,1.06592,1.06576,0
20161202 145942808,1.06596,1.06578,0
20161202 145942922,1.06599,1.06582,0
20161202 145947833,1.06602,1.06585,0
20161202 145950026,1.06604,1.06587,0
20161202 145952542,1.066,1.06582,0
20161202 145956949,1.06597,1.0658,0
20161202 145959085,1.06595,1.06578,0
20161202 145959968,1.06597,1.0658,0
20161202 150000733,1.06595,1.06577,0
20161202 150005768,1.06598,1.06579,0
20161202 150005997,1.06595,1.06578,0
20161202 150007060,1.066,1.06582,0
20161202 150008780,1.06597,1.0658,0
20161202 150010170,1.06595,1.06577,0
20161202 150010412,1.06598,1.06579,0
20161202 150013241,1.06595,1.06578,0
20161202 150014548,1.06593,1.06576,0
20161202 150015006,1.06596,1.06577,0
20161202 150018086,1.06597,1.0658,0
20161202 150038831,1.06594,1.06578,0
20161202 150051456,1.06597,1.0658,0
20161202 150057436,1.06602,1.06585,0
20161202 150104328,1.06605,1.06587,0
20161202 150104387,1.06608,1.0659,0
20161202 150104887,1.06608,1.0659,0
20161202 150116662,1.0661,1.06593,0
20161202 150117853,1.06608,1.06591,0
20161202 150131728,1.06606,1.06587,0
20161202 150135025,1.06603,1.06586,0
20161202 150139901,1.066,1.06584,0
20161202 150140106,1.06604,1.06586,0
20161202 150157342,1.06606,1.06589,0
20161202 150205665,1.06603,1.06587,0
20161202 150212768,1.06598,1.06581,0
20161202 150218320,1.06601,1.06583,0
20161202 150219088,1.06598,1.06581,0
20161202 150220710,1.066,1.06584,0
20161202 150225832,1.06602,1.06586,0
20161202 150226653,1.06605,1.06589,0
20161202 150238176,1.06603,1.06587,0
20161202 150245603,1.06605,1.06589,0
20161202 150254483,1.06609,1.06591,0
20161202 150303206,1.06605,1.06587,0
20161202 150309529,1.06607,1.0659,0
20161202 150314646,1.06605,1.06587,0
20161202 150316110,1.06607,1.0659,0
20161202 150316118,1.06609,1.06592,0
20161202 150320815,1.06607,1.0659,0
20161202 150322839,1.0661,1.06593,0
20161202 150325579,1.06608,1.06591,0
20161202 150326495,1.06605,1.06589,0
20161202 150326832,1.06608,1.06591,0
20161202 150338356,1.06607,1.06588,0
20161202 150346068,1.06608,1.06591,0
20161202 150347180,1.06611,1.06593,0
20161202 150348702,1.06607,1.06591,0
20161202 150352151,1.0661,1.06593,0
20161202 150402823,1.06611,1.06594,0
20161202 150415449,1.06613,1.06597,0
20161202 150418350,1.06612,1.06594,0
20161202 150433708,1.06609,1.06592,0
20161202 150449309,1.06604,1.06587,0
20161202 150502340,1.06607,1.0659,0
20161202 150502497,1.06604,1.06587,0
20161202 150506630,1.06607,1.06589,0
20161202 150507263,1.06607,1.06589,0
20161202 150507763,1.06607,1.06589,0
20161202 150509629,1.06609,1.06592,0
20161202 150515600,1.06607,1.06589,0
20161202 150515690,1.06604,1.06588,0
20161202 150518919,1.06603,1.06585,0
20161202 150529408,1.06599,1.06583,0
20161202 150534971,1.06602,1.06585,0
20161202 150535407,1.06599,1.06582,0
20161202 150543064,1.06596,1.0658,0
20161202 150543559,1.06594,1.06578,0
20161202 150544302,1.06589,1.06572,0
20161202 150550529,1.06584,1.06568,0
20161202 150600210,1.0658,1.06565,0
20161202 150605060,1.06578,1.06561,0
20161202 150626506,1.06581,1.06564,0
20161202 150626746,1.06583,1.06568,0
20161202 150627156,1.06581,1.06565,0
20161202 150636028,1.06576,1.0656,0
20161202 150651148,1.06573,1.06558,0
20161202 150651628,1.0657,1.06554,0
20161202 150654520,1.06572,1.06556,0
20161202 150655885,1.06583,1.06564,0
20161202 150704311,1.06584,1.06568,0
20161202 150705351,1.06586,1.0657,0
20161202 150708673,1.06588,1.06573,0
20161202 150718827,1.06591,1.06575,0
20161202 150719010,1.0659,1.06572,0
20161202 150725991,1.06586,1.0657,0
20161202 150744232,1.0659,1.06573,0
20161202 150748222,1.06588,1.06573,0
20161202 150750557,1.06586,1.0657,0
20161202 150750807,1.06581,1.06565,0
20161202 150751479,1.06578,1.06562,0
20161202 150756593,1.06571,1.06555,0
20161202 150800034,1.06574,1.06557,0
20161202 150800452,1.06576,1.06559,0
20161202 150804395,1.06582,1.06565,0
20161202 150812908,1.06585,1.06566,0
20161202 150812982,1.06591,1.06572,0
20161202 150814021,1.06588,1.06571,0
20161202 150815054,1.0659,1.06573,0
20161202 150818392,1.06588,1.06571,0
20161202 150818462,1.06585,1.06569,0
20161202 150830641,1.06583,1.06566,0
20161202 150916344,1.06585,1.06569,0
20161202 150916638,1.06583,1.06567,0
20161202 150922403,1.06586,1.06569,0
20161202 150922918,1.06588,1.06572,0
20161202 150929094,1.06589,1.06572,0
20161202 150930432,1.06592,1.06575,0
20161202 150937490,1.06591,1.06575,0
20161202 150938349,1.06593,1.06577,0
20161202 151000292,1.06592,1.06574,0
20161202 151000527,1.06593,1.06577,0
20161202 151012347,1.06597,1.0658,0
20161202 151012674,1.066,1.06582,0
20161202 151012731,1.06602,1.06585,0
20161202 151028543,1.06599,1.06583,0
20161202 151031194,1.06602,1.06585,0
20161202 151036059,1.06605,1.06587,0
20161202 151049786,1.066,1.06585,0
20161202 151100396,1.06602,1.06585,0
20161202 151104294,1.06603,1.06587,0
20161202 151107798,1.06598,1.06582,0
20161202 151119773,1.06596,1.06579,0
20161202 151119988,1.06599,1.06582,0
20161202 151120391,1.06603,1.06586,0
20161202 151121916,1.06602,1.06584,0
20161202 151122501,1.06604,1.06587,0
20161202 151125321,1.06602,1.06585,0
20161202 151126729,1.06604,1.06587,0
20161202 151127916,1.06602,1.06585,0
20161202 151128161,1.06599,1.06584,0
20161202 151128630,1.06603,1.06586,0
20161202 151147575,1.06606,1.06589,0
20161202 151147824,1.06611,1.06591,0
20161202 151148100,1.0661,1.06592,0
20161202 151149362,1.06607,1.06589,0
20161202 151228528,1.0661,1.06592,0
20161202 151231442,1.06612,1.06594,0
20161202 151238096,1.06609,1.06591,0
20161202 151247276,1.06605,1.06589,0
20161202 151247813,1.06603,1.06586,0
20161202 151248127,1.06606,1.06589,0
20161202 151256311,1.06603,1.06587,0
20161202 151307183,1.0661,1.06592,0
20161202 151316553,1.06607,1.06592,0
20161202 151318009,1.06609,1.06594,0
20161202 151318545,1.06608,1.06591,0
20161202 151322704,1.06606,1.06588,0
20161202 151323048,1.06609,1.06591,0
20161202 151326315,1.06611,1.06594,0
20161202 151326648,1.06609,1.06592,0
20161202 151327688,1.06611,1.06594,0
20161202 151358212,1.06614,1.06596,0
20161202 151402793,1.06617,1.06598,0
20161202 151403856,1.06621,1.06603,0
20161202 151404356,1.06621,1.06603,0
20161202 151406836,1.06623,1.06606,0
20161202 151408190,1.06621,1.06604,0
20161202 151408334,1.06618,1.06601,0
20161202 151412949,1.06621,1.06604,0
20161202 151413338,1.06621,1.06604,0
20161202 151413838,1.06621,1.06604,0
20161202 151417356,1.06619,1.06601,0
20161202 151418039,1.06621,1.06603,0
20161202 151430093,1.06623,1.06606,0
20161202 151453377,1.06618,1.06602,0
20161202 151455193,1.06615,1.06598,0
20161202 151455431,1.06619,1.06602,0
20161202 151455606,1.06621,1.06605,0
20161202 151459806,1.06624,1.06607,0
20161202 151501111,1.06628,1.0661,0
20161202 151503556,1.06622,1.06606,0
20161202 151512220,1.06622,1.06606,0
20161202 151539139,1.06626,1.06607,0
20161202 151540374,1.06622,1.06605,0
20161202 151545866,1.06626,1.0661,0
20161202 151546240,1.06624,1.06607,0
20161202 151550093,1.06626,1.0661,0
20161202 151550453,1.06624,1.06608,0
20161202 151550920,1.06627,1.0661,0
20161202 151551623,1.06624,1.06607,0
20161202 151551837,1.06628,1.0661,0
20161202 151552396,1.06627,1.06608,0
20161202 151602104,1.06629,1.06612,0
20161202 151603406,1.06631,1.06614,0
20161202 151622971,1.06638,1.06622,0
20161202 151623279,1.06638,1.06622,0
20161202 151630670,1.06641,1.06623,0
20161202 151630946,1.06646,1.06628,0
20161202 151631007,1.06649,1.06629,0
20161202 151641183,1.06643,1.06625,0
20161202 151643829,1.0664,1.06623,0
20161202 151644110,1.06637,1.06619,0
20161202 151645587,1.06635,1.06616,0
20161202 151646890,1.06637,1.06619,0
20161202 151647108,1.06638,1.06622,0
20161202 151650756,1.06635,1.06618,0
20161202 151654195,1.06633,1.06615,0
20161202 151701337,1.0663,1.06612,0
20161202 151704152,1.06626,1.06609,0
20161202 151704490,1.06627,1.06611,0
20161202 151710341,1.0663,1.06613,0
20161202 151713648,1.06628,1.06611,0
20161202 151715322,1.06633,1.06615,0
20161202 151724842,1.06638,1.06621,0
20161202 151736483,1.06641,1.06623,0
20161202 151744793,1.06647,1.06629,0
20161202 151802346,1.06642,1.06625,0
20161202 151811353,1.06644,1.06627,0
20161202 151811575,1.06647,1.0663,0
20161202 151853099,1.06652,1.06635,0
20161202 151920254,1.06655,1.06637,0
20161202 151920292,1.06657,1.0664,0
20161202 151943856,1.06659,1.06643,0
20161202 151945726,1.06657,1.06639,0
20161202 151952486,1.06654,1.06637,0
20161202 152000066,1.06656,1.0664,0
20161202 152051385,1.06662,1.06644,0
20161202 152054707,1.06664,1.06647,0
20161202 152054790,1.06666,1.0665,0
20161202 152057929,1.06665,1.06647,0
20161202 152058310,1.06662,1.06645,0
20161202 152107430,1.06657,1.0664,0
20161202 152108395,1.06655,1.06637,0
20161202 152108703,1.0665,1.06633,0
20161202 152109701,1.06652,1.06636,0
20161202 152110158,1.06652,1.06636,0
20161202 152110713,1.06656,1.06638,0
20161202 152110790,1.06658,1.06641,0
20161202 152115344,1.06656,1.06639,0
20161202 152137692,1.06654,1.06637,0
20161202 152203938,1.06667,1.06647,0
20161202 152204248,1.06673,1.06655,0
20161202 152204449,1.06679,1.0666,0
20161202 152204595,1.06679,1.0666,0
20161202 152206207,1.0667,1.06652,0
20161202 152206496,1.06663,1.06643,0
20161202 152206684,1.06655,1.06636,0
20161202 152206807,1.06657,1.06639,0
20161202 152215683,1.06655,1.06636,0
20161202 152220162,1.06655,1.06636,0
20161202 152220662,1.06655,1.06636,0
20161202 152223438,1.06657,1.06638,0
20161202 152224007,1.06654,1.06637,0
20161202 152224280,1.06656,1.06639,0
20161202 152226458,1.06658,1.06641,0
20161202 152227379,1.06656,1.06639,0
20161202 152233464,1.06654,1.06636,0
20161202 152233694,1.06652,1.06634,0
20161202 152247411,1.06654,1.06637,0
20161202 152249351,1.06656,1.06639,0
20161202 152249819,1.06654,1.06636,0
20161202 152322080,1.06652,1.06634,0
20161202 152324109,1.06648,1.06632,0
20161202 152330467,1.06651,1.06634,0
20161202 152337022,1.06654,1.06636,0
20161202 152337088,1.06656,1.06639,0
20161202 152338922,1.06654,1.06637,0
20161202 152339540,1.06656,1.06639,0
20161202 152418406,1.06654,1.06637,0
20161202 152420040,1.06652,1.06634,0
20161202 152430734,1.06655,1.06637,0
20161202 152435389,1.06653,1.06635,0
20161202 152440194,1.06648,1.06631,0
20161202 152502934,1.06647,1.06628,0
20161202 152550674,1.0665,1.06631,0
20161202 152551138,1.06648,1.06631,0
20161202 152604700,1.06644,1.06627,0
20161202 152607779,1.06647,1.06629,0
20161202 152627039,1.06649,1.06632,0
20161202 152627216,1.06647,1.0663,0
20161202 152639502,1.06649,1.06632,0
20161202 152646533,1.06647,1.0663,0
20161202 152650784,1.06656,1.06639,0
20161202 152705126,1.06654,1.06637,0
20161202 152708780,1.06656,1.06639,0
20161202 152712406,1.06654,1.06637,0
20161202 152713965,1.06651,1.06635,0
20161202 152714659,1.06649,1.06632,0
20161202 152722436,1.06651,1.06635,0
20161202 152730441,1.06653,1.06637,0
20161202 152737544,1.06656,1.06639,0
20161202 152750453,1.06654,1.06635,0
20161202 152756866,1.06655,1.06637,0
20161202 152800426,1.06652,1.06635,0
20161202 152801067,1.06649,1.06631,0
20161202 152801184,1.06646,1.0663,0
20161202 152807443,1.06651,1.06634,0
20161202 152812335,1.06656,1.06638,0
20161202 152814129,1.06653,1.06635,0
20161202 152823430,1.06648,1.06631,0
20161202 152837347,1.06651,1.06633,0
20161202 152838590,1.06648,1.06631,0
20161202 152839701,1.0665,1.06633,0
20161202 152840816,1.06648,1.06631,0
20161202 152842830,1.06651,1.06633,0
20161202 152850044,1.06653,1.06635,0
20161202 152906511,1.06656,1.06638,0
20161202 152910167,1.06653,1.06636,0
20161202 152941072,1.06656,1.06639,0
20161202 152941724,1.06654,1.06637,0
20161202 152942822,1.06652,1.06634,0
20161202 152946309,1.06659,1.06641,0
20161202 152946470,1.06664,1.06646,0
20161202 152946644,1.06666,1.06648,0
20161202 152952716,1.06661,1.06644,0
20161202 152954390,1.06658,1.06641,0
20161202 152955026,1.06656,1.06639,0
20161202 153001576,1.06655,1.06635,0
20161202 153001842,1.06654,1.06636,0
20161202 153002151,1.06656,1.06639,0
20161202 153010539,1.06652,1.06634,0
20161202 153010713,1.06649,1.06632,0
20161202 153010927,1.06651,1.06634,0
20161202 153042947,1.06656,1.06637,0
20161202 153043317,1.06654,1.06636,0
20161202 153043384,1.06651,1.06635,0
20161202 153051810,1.06649,1.06632,0
20161202 153058188,1.06652,1.06634,0
20161202 153100143,1.06649,1.06632,0
20161202 153102744,1.0665,1.06635,0
20161202 153111744,1.06646,1.06628,0
20161202 153112105,1.06646,1.0663,0
20161202 153131553,1.06639,1.06621,0
20161202 153131895,1.06639,1.06623,0
20161202 153136211,1.06644,1.06627,0
20161202 153142362,1.06642,1.06625,0
20161202 153145114,1.0664,1.06622,0
20161202 153147569,1.06637,1.06621,0
20161202 153147641,1.06635,1.06618,0
20161202 153147928,1.06631,1.06615,0
20161202 153151878,1.06633,1.06617,0
20161202 153158942,1.06631,1.06615,0
20161202 153200621,1.06636,1.06619,0
20161202 153301390,1.06639,1.0662,0
20161202 153303115,1.06637,1.06617,0
20161202 153311106,1.06633,1.06615,0
20161202 153311465,1.0663,1.06612,0
20161202 153319716,1.06632,1.06614,0
20161202 153322332,1.06624,1.06607,0
20161202 153322683,1.06627,1.0661,0
20161202 153326051,1.0663,1.06613,0
20161202 153331305,1.06636,1.06619,0
20161202 153340387,1.0664,1.06622,0
20161202 153341048,1.06642,1.06624,0
20161202 153400557,1.06639,1.06623,0
20161202 153400822,1.06639,1.06622,0
20161202 153401530,1.06637,1.06619,0
20161202 153410300,1.06634,1.06617,0
20161202 153410519,1.06636,1.06619,0
20161202 153411288,1.06639,1.06621,0
20161202 153413790,1.06641,1.06623,0
20161202 153415242,1.06646,1.06628,0
20161202 153418332,1.06647,1.06631,0
20161202 153419738,1.06646,1.06628,0
20161202 153423443,1.06644,1.06626,0
20161202 153431566,1.06648,1.0663,0
20161202 153434107,1.06645,1.06627,0
20161202 153434256,1.0664,1.06622,0
20161202 153434397,1.06637,1.06619,0
20161202 153439426,1.06637,1.06621,0
20161202 153450640,1.06633,1.06615,0
20161202 153450885,1.06636,1.06618,0
20161202 153452888,1.06642,1.06624,0
20161202 153504581,1.06636,1.06619,0
20161202 153509726,1.06634,1.06616,0
20161202 153510107,1.06632,1.06614,0
20161202 153515561,1.0663,1.06612,0
20161202 153524497,1.06627,1.06609,0
20161202 153524690,1.06624,1.06606,0
20161202 153526662,1.06626,1.06606,0
20161202 153532799,1.06622,1.06604,0
20161202 153536369,1.0662,1.06602,0
20161202 153549151,1.06617,1.066,0
20161202 153555263,1.06619,1.06603,0
20161202 153556039,1.06617,1.06601,0
20161202 153558762,1.06614,1.06599,0
20161202 153559839,1.06617,1.066,0
20161202 153600087,1.06619,1.06603,0
20161202 153600219,1.06617,1.06601,0
20161202 153600590,1.06613,1.06596,0
20161202 153600739,1.0661,1.06594,0
20161202 153604529,1.0661,1.06593,0
20161202 153604869,1.06604,1.06588,0
20161202 153613521,1.06605,1.06591,0
20161202 153614138,1.06615,1.06597,0
20161202 153614170,1.06618,1.066,0
20161202 153615905,1.0662,1.06603,0
20161202 153615996,1.06622,1.06605,0
20161202 153618307,1.06615,1.06598,0
20161202 153622809,1.0661,1.06592,0
20161202 153625147,1.0661,1.06594,0
20161202 153630638,1.06612,1.06596,0
20161202 153631142,1.06615,1.06599,0
20161202 153635209,1.06612,1.06595,0
20161202 153642395,1.06619,1.066,0
20161202 153646359,1.06621,1.06604,0
20161202 153647362,1.06623,1.06606,0
20161202 153647976,1.06627,1.06608,0
20161202 153720359,1.06628,1.06612,0
20161202 153720913,1.06631,1.06614,0
20161202 153721054,1.06629,1.06612,0
20161202 153723260,1.06631,1.06614,0
20161202 153723651,1.06629,1.06612,0
20161202 153724791,1.06627,1.0661,0
20161202 153725890,1.06624,1.06608,0
20161202 153745414,1.06615,1.06598,0
20161202 153749262,1.06618,1.06601,0
20161202 153800167,1.0662,1.06604,0
20161202 153800809,1.06617,1.06599,0
20161202 153804747,1.06618,1.06602,0
20161202 153814166,1.06624,1.06605,0
20161202 153823773,1.06621,1.06603,0
20161202 153824412,1.06618,1.066,0
20161202 153842123,1.06622,1.06602,0
20161202 153854367,1.06623,1.06607,0
20161202 153900405,1.06628,1.06608,0
20161202 153900622,1.06629,1.06613,0
20161202 153901387,1.06626,1.0661,0
20161202 153901511,1.06628,1.06611,0
20161202 153925159,1.0663,1.06611,0
20161202 153926195,1.06626,1.06608,0
20161202 153940293,1.06635,1.06615,0
20161202 153942243,1.06632,1.06614,0
20161202 153954967,1.06634,1.06616,0
20161202 154000801,1.06636,1.06619,0
20161202 154027125,1.0664,1.06621,0
20161202 154028465,1.06636,1.0662,0
20161202 154047012,1.06634,1.06616,0
20161202 154049552,1.06636,1.06619,0
20161202 154124648,1.06631,1.06615,0
20161202 154128182,1.06625,1.0661,0
20161202 154135623,1.06629,1.06611,0
20161202 154139440,1.06633,1.06613,0
20161202 154139481,1.06636,1.06617,0
20161202 154159457,1.06639,1.0662,0
20161202 154214875,1.06637,1.06619,0
20161202 154226903,1.06639,1.06621,0
20161202 154234877,1.06641,1.06623,0
20161202 154309859,1.06636,1.06618,0
20161202 154317489,1.0664,1.06621,0
20161202 154321547,1.06642,1.06624,0
20161202 154427030,1.06644,1.06627,0
20161202 154429778,1.06647,1.06631,0
20161202 154441327,1.06653,1.06634,0
20161202 154443328,1.0665,1.06633,0
20161202 154445528,1.06647,1.06631,0
20161202 154457907,1.0665,1.06634,0
20161202 154555166,1.06653,1.06636,0
20161202 154558043,1.06656,1.06639,0
20161202 154602929,1.06651,1.06635,0
20161202 154610235,1.06648,1.06633,0
20161202 154610331,1.06647,1.0663,0
20161202 154630876,1.06658,1.06636,0
20161202 154710122,1.06661,1.06643,0
20161202 154712132,1.06665,1.06648,0
20161202 154712688,1.06668,1.06651,0
20161202 154713188,1.06668,1.06651,0
20161202 154714488,1.0667,1.06653,0
20161202 154714693,1.06672,1.06655,0
20161202 154720029,1.06675,1.06657,0
20161202 154720460,1.06673,1.06655,0
20161202 154723463,1.06669,1.06652,0
20161202 154723547,1.06666,1.0665,0
20161202 154742946,1.06671,1.06652,0
20161202 154743069,1.06673,1.06655,0
20161202 154743727,1.06673,1.06655,0
20161202 154744227,1.06675,1.06657,0
20161202 154747487,1.06672,1.06654,0
20161202 154800627,1.06669,1.06651,0
20161202 154800850,1.06666,1.06647,0
20161202 154802435,1.06664,1.06644,0
20161202 154802710,1.06661,1.06642,0
20161202 154807995,1.06663,1.06645,0
20161202 154808924,1.06666,1.06647,0
20161202 154810749,1.06669,1.0665,0
20161202 154810952,1.06675,1.06657,0
20161202 154813809,1.06673,1.06654,0
20161202 154817463,1.06677,1.06661,0
20161202 154817558,1.0668,1.06663,0
20161202 154824728,1.06678,1.0666,0
20161202 154826385,1.06673,1.06658,0
20161202 154828350,1.06679,1.06659,0
20161202 154828712,1.06674,1.06659,0
20161202 154829203,1.06679,1.0666,0
20161202 154830244,1.0668,1.06664,0
20161202 154843258,1.06678,1.06661,0
20161202 154843275,1.06675,1.06658,0
20161202 154848458,1.06672,1.06654,0
20161202 154849628,1.06674,1.06658,0
20161202 154908761,1.06669,1.06651,0
20161202 154908793,1.06666,1.06649,0
20161202 154909094,1.06669,1.06651,0
20161202 154910483,1.06671,1.06655,0
20161202 154928427,1.06674,1.06657,0
20161202 154929606,1.06676,1.06659,0
20161202 154933371,1.06678,1.06662,0
20161202 154935486,1.0668,1.06665,0
20161202 154943452,1.06677,1.06659,0
20161202 154959223,1.0668,1.06661,0
20161202 155021387,1.06682,1.06664,0
20161202 155034078,1.0668,1.06662,0
20161202 155034417,1.06675,1.06661,0
20161202 155034678,1.06678,1.06663,0
20161202 155038262,1.06682,1.06666,0
20161202 155101222,1.06684,1.06668,0
20161202 155101722,1.06684,1.06668,0
20161202 155111943,1.06671,1.06638,0
20161202 155112249,1.06665,1.06639,0
20161202 155112924,1.06664,1.06646,0
20161202 155113054,1.06665,1.06649,0
20161202 155120647,1.0666,1.06642,0
20161202 155122766,1.06658,1.06639,0
20161202 155122860,1.06655,1.06638,0
20161202 155127430,1.06652,1.06635,0
20161202 155130916,1.06649,1.06633,0
20161202 155133445,1.06647,1.06629,0
20161202 155134014,1.0665,1.06631,0
20161202 155140992,1.06643,1.06624,0
20161202 155141061,1.06639,1.06621,0
20161202 155141782,1.06635,1.06619,0
20161202 155142948,1.06634,1.06615,0
20161202 155143510,1.06631,1.06613,0
20161202 155143704,1.06628,1.06611,0
20161202 155145943,1.06626,1.06606,0
20161202 155146388,1.06629,1.0661,0
20161202 155146832,1.06626,1.06607,0
20161202 155147340,1.06626,1.06612,0
20161202 155151785,1.0663,1.06614,0
20161202 155151870,1.06635,1.06618,0
20161202 155152408,1.0663,1.0661,0
20161202 155152938,1.0663,1.0661,0
20161202 155153438,1.0663,1.0661,0
20161202 155155948,1.06627,1.06606,0
20161202 155204107,1.06626,1.0661,0
20161202 155218418,1.06633,1.06611,0
20161202 155219885,1.06634,1.06615,0
20161202 155221775,1.06635,1.06618,0
20161202 155221868,1.06638,1.06619,0
20161202 155222993,1.0664,1.06621,0
20161202 155223912,1.06643,1.06623,0
20161202 155224071,1.06645,1.06626,0
20161202 155224721,1.06647,1.06629,0
20161202 155224949,1.0665,1.06632,0
20161202 155226304,1.06653,1.06634,0
20161202 155233347,1.0665,1.06633,0
20161202 155306143,1.06656,1.06635,0
20161202 155314548,1.06656,1.06639,0
20161202 155321494,1.0665,1.06633,0
20161202 155346144,1.06645,1.06628,0
20161202 155349502,1.06639,1.06622,0
20161202 155407298,1.06636,1.0662,0
20161202 155407560,1.06638,1.06619,0
20161202 155408062,1.06636,1.06619,0
20161202 155422861,1.06632,1.06618,0
20161202 155456944,1.06636,1.06619,0
20161202 155459683,1.06634,1.06617,0
20161202 155520794,1.06636,1.06619,0
20161202 155532560,1.06634,1.06617,0
20161202 155537179,1.06631,1.06614,0
20161202 155539718,1.06628,1.0661,0
20161202 155539944,1.0663,1.06611,0
20161202 155554579,1.06631,1.06615,0
20161202 155558292,1.06636,1.06615,0
20161202 155558546,1.06637,1.06618,0
20161202 155606597,1.06634,1.06617,0
20161202 155651431,1.06628,1.06611,0
20161202 155651654,1.06625,1.06605,0
20161202 155651911,1.06621,1.06604,0
20161202 155652376,1.06624,1.06607,0
20161202 155653273,1.0662,1.06603,0
20161202 155653668,1.06623,1.06605,0
20161202 155654496,1.06625,1.06608,0
20161202 155720531,1.06629,1.06611,0
20161202 155731226,1.0663,1.06615,0
20161202 155732329,1.06637,1.06619,0
20161202 155740185,1.06634,1.06616,0
20161202 155802902,1.06635,1.0662,0
20161202 155815561,1.06633,1.06618,0
20161202 155815705,1.06629,1.06612,0
20161202 155815887,1.06627,1.0661,0
20161202 155825157,1.06622,1.06604,0
20161202 155828742,1.06623,1.06608,0
20161202 155836823,1.06627,1.06609,0
20161202 155839568,1.06624,1.06607,0
20161202 155842006,1.06626,1.0661,0
20161202 155850246,1.06624,1.06606,0
20161202 155853617,1.06624,1.06608,0
20161202 155855582,1.06631,1.06613,0
20161202 155855843,1.06634,1.06615,0
20161202 155856088,1.06642,1.06624,0
20161202 155856797,1.0664,1.06619,0
20161202 155857349,1.06641,1.06624,0
20161202 155901759,1.06638,1.06621,0
20161202 155902014,1.06641,1.06624,0
20161202 155902334,1.06638,1.06621,0
20161202 155909486,1.06641,1.06623,0
20161202 155911086,1.06638,1.06621,0
20161202 155918152,1.06636,1.06619,0
20161202 155918649,1.06634,1.06617,0
20161202 155919975,1.06641,1.06623,0
20161202 155923942,1.06645,1.06627,0
20161202 155925192,1.06642,1.06625,0
20161202 155927398,1.06649,1.06629,0
20161202 155938035,1.06651,1.06633,0
20161202 155951590,1.06644,1.06625,0
20161202 155951721,1.06641,1.06624,0
20161202 155957564,1.06643,1.06626,0
20161202 160000604,1.06648,1.0663,0
20161202 160000847,1.06653,1.06635,0
20161202 160001234,1.06651,1.06633,0
20161202 160001956,1.06648,1.06631,0
20161202 160002224,1.06651,1.06632,0
20161202 160003091,1.06653,1.06634,0
20161202 160003996,1.06656,1.06636,0
20161202 160004732,1.06657,1.0664,0
20161202 160007293,1.0666,1.06642,0
20161202 160007408,1.06662,1.06644,0
20161202 160007862,1.06659,1.06638,0
20161202 160030369,1.06659,1.06643,0
20161202 160035106,1.06663,1.06645,0
20161202 160200334,1.06665,1.06648,0
20161202 160201771,1.06662,1.06646,0
20161202 160226389,1.06654,1.06637,0
20161202 160226635,1.06651,1.06635,0
20161202 160227947,1.06649,1.06631,0
20161202 160228366,1.06647,1.06628,0
20161202 160231870,1.06638,1.06618,0
20161202 160232031,1.0664,1.06618,0
20161202 160232320,1.06632,1.06613,0
20161202 160233631,1.06634,1.06616,0
20161202 160237249,1.06636,1.0662,0
20161202 160240850,1.06642,1.06622,0
20161202 160240918,1.06645,1.06624,0
20161202 160241292,1.06646,1.06627,0
20161202 160251169,1.0665,1.0663,0
20161202 160256614,1.06653,1.06634,0
20161202 160318188,1.0665,1.06629,0
20161202 160322535,1.06651,1.06631,0
20161202 160327632,1.06648,1.06629,0
20161202 160329472,1.06651,1.06631,0
20161202 160417162,1.06645,1.06625,0
20161202 160417288,1.06641,1.06624,0
20161202 160425032,1.06644,1.06625,0
20161202 160449573,1.06639,1.06621,0
20161202 160450829,1.06642,1.06623,0
20161202 160504662,1.06638,1.0662,0
20161202 160519875,1.0664,1.06622,0
20161202 160520388,1.06644,1.06625,0
20161202 160526130,1.06653,1.06635,0
20161202 160526203,1.06651,1.06632,0
20161202 160527308,1.06657,1.06637,0
20161202 160527842,1.06659,1.0664,0
20161202 160528680,1.06657,1.06637,0
20161202 160528881,1.06659,1.0664,0
20161202 160552982,1.06663,1.06643,0
20161202 160756781,1.0666,1.06641,0
20161202 160757858,1.06657,1.06638,0
20161202 160804676,1.06654,1.06635,0
20161202 160814527,1.06656,1.06637,0
20161202 160815900,1.06657,1.0664,0
20161202 161004883,1.0666,1.06642,0
20161202 161007471,1.06671,1.06651,0
20161202 161007522,1.06667,1.06648,0
20161202 161011458,1.06671,1.06651,0
20161202 161011558,1.06673,1.06654,0
20161202 161020151,1.06675,1.06657,0
20161202 161020247,1.06679,1.0666,0
20161202 161031236,1.06679,1.06658,0
20161202 161031248,1.06676,1.06654,0
20161202 161036674,1.06672,1.06653,0
20161202 161044139,1.06676,1.06655,0
20161202 161050484,1.06688,1.06668,0
20161202 161050739,1.06686,1.06666,0
20161202 161053402,1.06696,1.06675,0
20161202 161053662,1.06685,1.06665,0
20161202 161053863,1.06682,1.06661,0
20161202 161056953,1.06692,1.06666,0
20161202 161057087,1.06698,1.06675,0
20161202 161057395,1.06686,1.06665,0
20161202 161057492,1.06683,1.06661,0
20161202 161105953,1.06696,1.06676,0
20161202 161106322,1.06694,1.06676,0
20161202 161111190,1.067,1.06678,0
20161202 161111355,1.06704,1.06681,0
20161202 161111851,1.06702,1.0668,0
20161202 161115060,1.06698,1.06677,0
20161202 161117203,1.06703,1.06682,0
20161202 161125956,1.067,1.0668,0
20161202 161128653,1.06702,1.06682,0
20161202 161143401,1.06703,1.06685,0
20161202 161148947,1.06711,1.06689,0
20161202 161149352,1.06707,1.06687,0
20161202 161154099,1.06701,1.06681,0
20161202 161159813,1.06698,1.06678,0
20161202 161210672,1.06702,1.06682,0
20161202 161213321,1.06706,1.06687,0
20161202 161225807,1.06704,1.06685,0
20161202 161227220,1.06706,1.06688,0
20161202 161231813,1.06703,1.06684,0
20161202 161302975,1.06697,1.06678,0
20161202 161311254,1.06705,1.06684,0
20161202 161311354,1.0671,1.06689,0
20161202 161312454,1.06707,1.06687,0
20161202 161312754,1.067,1.06682,0
20161202 161316929,1.06701,1.06681,0
20161202 161321958,1.06704,1.06684,0
20161202 161333190,1.06708,1.06687,0
20161202 161334584,1.06706,1.06688,0
20161202 161347719,1.06708,1.0669,0
20161202 161356951,1.06706,1.06688,0
20161202 161415431,1.06709,1.06689,0
20161202 161415882,1.06711,1.06693,0
20161202 161416769,1.06709,1.0669,0
20161202 161417830,1.06715,1.06695,0
20161202 161418270,1.06712,1.06693,0
20161202 161437626,1.06717,1.06699,0
20161202 161442270,1.06723,1.06701,0
20161202 161442487,1.06724,1.06705,0
20161202 161442547,1.06722,1.06703,0
20161202 161447133,1.0672,1.067,0
20161202 161448707,1.06716,1.06699,0
20161202 161500248,1.06718,1.06699,0
20161202 161501187,1.0672,1.06699,0
20161202 161506182,1.06717,1.06698,0
20161202 161512114,1.06714,1.06694,0
20161202 161513724,1.06711,1.06692,0
20161202 161514271,1.06713,1.06692,0
20161202 161514593,1.06711,1.06692,0
20161202 161515866,1.06709,1.06689,0
20161202 161525077,1.06712,1.06691,0
20161202 161529216,1.06714,1.06694,0
20161202 161529442,1.06721,1.06701,0
20161202 161529606,1.06723,1.06703,0
20161202 161530436,1.06721,1.06699,0
20161202 161530868,1.06717,1.06696,0
20161202 161534497,1.06713,1.06693,0
20161202 161534897,1.0671,1.06689,0
20161202 161535057,1.06711,1.06691,0
20161202 161535711,1.06718,1.06699,0
20161202 161536312,1.06716,1.06696,0
20161202 161536715,1.06714,1.06694,0
20161202 161539978,1.06723,1.06705,0
20161202 161542230,1.06721,1.06701,0
20161202 161542288,1.06717,1.06697,0
20161202 161551504,1.06718,1.06699,0
20161202 161551732,1.06722,1.06701,0
20161202 161551858,1.06724,1.06706,0
20161202 161552122,1.06722,1.06702,0
20161202 161553010,1.06724,1.06706,0
20161202 161557533,1.06723,1.06702,0
20161202 161602547,1.0672,1.067,0
20161202 161604155,1.06717,1.06697,0
20161202 161608606,1.06714,1.06694,0
20161202 161608842,1.06714,1.06696,0
20161202 161651779,1.06712,1.06694,0
20161202 161723599,1.06713,1.06697,0
20161202 161757472,1.06717,1.06699,0
20161202 161817764,1.06716,1.06697,0
20161202 161836497,1.06718,1.06697,0
20161202 161836587,1.06715,1.06695,0
20161202 161842424,1.06721,1.067,0
20161202 161850179,1.06718,1.06699,0
20161202 161850334,1.06716,1.06697,0
20161202 161851889,1.06713,1.06694,0
20161202 161856051,1.06719,1.06696,0
20161202 161857505,1.06715,1.06694,0
20161202 161950359,1.06712,1.06691,0
20161202 161959018,1.0671,1.06689,0
20161202 162013799,1.06712,1.06692,0
20161202 162023237,1.06702,1.06683,0
20161202 162029257,1.06703,1.06683,0
20161202 162030977,1.06706,1.06687,0
20161202 162032983,1.06703,1.06684,0
20161202 162048490,1.06707,1.06687,0
20161202 162048712,1.06711,1.06692,0
20161202 162052359,1.06713,1.06694,0
20161202 162104574,1.06716,1.06697,0
20161202 162105139,1.06713,1.06694,0
20161202 162107555,1.06716,1.06697,0
20161202 162116512,1.06712,1.06694,0
20161202 162144662,1.06714,1.06694,0
20161202 162229460,1.06717,1.06696,0
20161202 162252328,1.06721,1.06702,0
20161202 162321269,1.06719,1.067,0
20161202 162321574,1.06716,1.06698,0
20161202 162321686,1.06714,1.06695,0
20161202 162425959,1.06712,1.06692,0
20161202 162434269,1.06709,1.0669,0
20161202 162450063,1.06704,1.06683,0
20161202 162524339,1.06698,1.06677,0
20161202 162540329,1.06694,1.06675,0
20161202 162540530,1.06692,1.06673,0
20161202 162606031,1.0669,1.06668,0
20161202 162606294,1.06688,1.06668,0
20161202 162608135,1.0669,1.0667,0
20161202 162616152,1.06688,1.06666,0
20161202 162645858,1.06683,1.06664,0
20161202 162650339,1.06688,1.06666,0
20161202 162742228,1.06686,1.06665,0
20161202 162743299,1.06684,1.06663,0
20161202 162843480,1.06687,1.06666,0
20161202 162849957,1.06685,1.06665,0
20161202 162854512,1.06683,1.06662,0
20161202 162855867,1.06684,1.06665,0
20161202 162858292,1.0668,1.06658,0
20161202 162858513,1.06676,1.06657,0
20161202 162907625,1.06685,1.06662,0
20161202 162907657,1.06688,1.06666,0
20161202 162910761,1.06687,1.06666,0
20161202 162911148,1.06684,1.06663,0
20161202 162911478,1.06684,1.06665,0
20161202 162920631,1.06686,1.06665,0
20161202 162920797,1.06687,1.06669,0
20161202 162921123,1.06685,1.06664,0
20161202 162924714,1.06691,1.0667,0
20161202 162926632,1.06703,1.06682,0
20161202 162926716,1.06713,1.06687,0
20161202 162927324,1.06709,1.06689,0
20161202 162927467,1.06705,1.06687,0
20161202 162928839,1.06703,1.06682,0
20161202 162929356,1.06718,1.06696,0
20161202 162929999,1.06718,1.06701,0
20161202 162931194,1.06725,1.06702,0
20161202 162933015,1.06724,1.06707,0
20161202 162939834,1.06725,1.06705,0
20161202 162941260,1.06727,1.06706,0
20161202 162948093,1.06729,1.0671,0
20161202 162958340,1.06734,1.06712,0
20161202 163004570,1.06737,1.06715,0
20161202 163033488,1.06733,1.06714,0
20161202 163038130,1.06731,1.06711,0
20161202 163038382,1.06731,1.06707,0
20161202 163038539,1.06738,1.06714,0
20161202 163041627,1.06739,1.06717,0
20161202 163041913,1.06743,1.0672,0
20161202 163050723,1.06749,1.06728,0
20161202 163051016,1.06743,1.06719,0
20161202 163054069,1.06742,1.06722,0
20161202 163057741,1.06744,1.06723,0
20161202 163057973,1.06752,1.0673,0
20161202 163102835,1.06746,1.06721,0
20161202 163106060,1.06742,1.06718,0
20161202 163106167,1.06742,1.0672,0
20161202 163106488,1.06744,1.06724,0
20161202 163108893,1.06744,1.06722,0
20161202 163110625,1.06742,1.06722,0
20161202 163115336,1.0674,1.06717,0
20161202 163116551,1.06744,1.06717,0
20161202 163116795,1.06738,1.06714,0
20161202 163117210,1.06741,1.06719,0
20161202 163125216,1.06743,1.06722,0
20161202 163150829,1.06745,1.06725,0
20161202 163155105,1.06743,1.06723,0
20161202 163303411,1.06745,1.06726,0
20161202 163339946,1.06743,1.06724,0
20161202 163359436,1.0674,1.0672,0
20161202 163407946,1.0674,1.06723,0
20161202 163414611,1.06738,1.06717,0
20161202 163414713,1.06743,1.0672,0
20161202 163424581,1.06743,1.06727,0
20161202 163427941,1.06742,1.06723,0
20161202 163444388,1.06748,1.06727,0
20161202 163444437,1.06751,1.06731,0
20161202 163453395,1.06754,1.06736,0
20161202 163453717,1.06756,1.06738,0
20161202 163454100,1.06754,1.06736,0
20161202 163508020,1.06754,1.06732,0
20161202 163518722,1.06756,1.06737,0
20161202 163526392,1.06752,1.06732,0
20161202 163528609,1.06754,1.06735,0
20161202 163531281,1.06759,1.0674,0
20161202 163532946,1.06757,1.06736,0
20161202 163534387,1.06759,1.06739,0
20161202 163534484,1.06762,1.06742,0
20161202 163545559,1.06766,1.06744,0
20161202 163548827,1.06768,1.06747,0
20161202 163602491,1.06765,1.06743,0
20161202 163631368,1.06761,1.06742,0
20161202 163640924,1.06759,1.0674,0
20161202 163654264,1.06758,1.06735,0
20161202 163711815,1.06756,1.06733,0
20161202 163713437,1.06749,1.06724,0
20161202 163713572,1.06749,1.06727,0
20161202 163717389,1.06752,1.0673,0
20161202 163717497,1.06748,1.06726,0
20161202 163718419,1.06749,1.06728,0
20161202 163718472,1.06752,1.06732,0
20161202 163732153,1.06749,1.06725,0
20161202 163803886,1.06743,1.06724,0
20161202 163821648,1.06744,1.0672,0
20161202 163850673,1.06742,1.06719,0
20161202 163850755,1.06742,1.06718,0
20161202 163907475,1.06739,1.06718,0
20161202 163916074,1.06741,1.0672,0
20161202 163916786,1.06742,1.06724,0
20161202 163918302,1.06741,1.06718,0
20161202 163920939,1.06738,1.06715,0
20161202 163921429,1.06741,1.0672,0
20161202 163921578,1.06743,1.06723,0
20161202 163929211,1.06739,1.06721,0
20161202 163929546,1.06738,1.06714,0
20161202 163938169,1.06739,1.06715,0
20161202 163957047,1.06741,1.0672,0
20161202 164012999,1.06739,1.06718,0
20161202 164018808,1.06736,1.06714,0
20161202 164052757,1.06738,1.06717,0
20161202 164053009,1.06741,1.0672,0
20161202 164055141,1.06739,1.06718,0
20161202 164129663,1.06734,1.06709,0
20161202 164129952,1.06727,1.06704,0
20161202 164130244,1.06727,1.06704,0
20161202 164130682,1.06731,1.06712,0
20161202 164130789,1.06729,1.0671,0
20161202 164135796,1.06726,1.06705,0
20161202 164141790,1.06724,1.067,0
20161202 164144891,1.06718,1.06695,0
20161202 164145065,1.06719,1.06697,0
20161202 164151229,1.06714,1.06689,0
20161202 164151323,1.06708,1.06681,0
20161202 164152067,1.06713,1.06687,0
20161202 164152351,1.06708,1.06683,0
20161202 164213016,1.06703,1.06681,0
20161202 164218150,1.06707,1.06686,0
20161202 164232679,1.06711,1.06689,0
20161202 164232923,1.06709,1.06688,0
20161202 164309465,1.06705,1.06685,0
20161202 164323159,1.06702,1.06681,0
20161202 164432619,1.06707,1.06684,0
20161202 164440423,1.06704,1.06685,0
20161202 164440702,1.06701,1.06674,0
20161202 164440771,1.06698,1.0667,0
20161202 164441437,1.06693,1.06668,0
20161202 164500224,1.06693,1.0667,0
20161202 164502223,1.06696,1.06674,0
20161202 164510083,1.067,1.06676,0
20161202 164522628,1.06701,1.0668,0
20161202 164523299,1.06706,1.06682,0
20161202 164525228,1.06709,1.06686,0
20161202 164602988,1.06702,1.06668,0
20161202 164603252,1.0669,1.0666,0
20161202 164618209,1.06686,1.06657,0
20161202 164633981,1.0668,1.06656,0
20161202 164639146,1.06685,1.06657,0
20161202 164639423,1.06681,1.06654,0
20161202 164640406,1.06677,1.06652,0
20161202 164643393,1.06677,1.06653,0
20161202 164645154,1.06677,1.06654,0
20161202 164654563,1.0668,1.06654,0
20161202 164656070,1.06673,1.06648,0
20161202 164656347,1.06669,1.06645,0
20161202 164656817,1.0667,1.06644,0
20161202 164734467,1.06669,1.06647,0
20161202 164754383,1.06671,1.0665,0
20161202 164803986,1.06676,1.06652,0
20161202 164804137,1.06682,1.06657,0
20161202 164805324,1.06686,1.0666,0
20161202 164815740,1.06697,1.06663,0
20161202 164816002,1.06702,1.06671,0
20161202 164828712,1.06705,1.06674,0
20161202 164832930,1.06708,1.06679,0
20161202 164857712,1.0671,1.06684,0
20161202 164859659,1.06706,1.06685,0
20161202 164943435,1.06708,1.06683,0
20161202 164955767,1.06709,1.06682,0
20161202 164957943,1.06708,1.06682,0
20161202 165010026,1.06707,1.0668,0
20161202 165011668,1.06703,1.06677,0
20161202 165012020,1.06705,1.06676,0
20161202 165020147,1.06704,1.06678,0
20161202 165021093,1.06706,1.06678,0
20161202 165023463,1.06705,1.06679,0
20161202 165024956,1.0671,1.06683,0
20161202 165025191,1.06707,1.06684,0
20161202 165026752,1.06703,1.06675,0
20161202 165027231,1.06699,1.06672,0
20161202 165027336,1.06699,1.06673,0
20161202 165028252,1.06694,1.06651,0
20161202 165028330,1.06689,1.06648,0
20161202 165028777,1.06683,1.06645,0
20161202 165029939,1.06678,1.06643,0
20161202 165049430,1.06678,1.06644,0
20161202 165053487,1.06677,1.06647,0
20161202 165053647,1.06676,1.06649,0
20161202 165054950,1.06678,1.0665,0
20161202 165055063,1.06678,1.06652,0
20161202 165055454,1.06678,1.06652,0
20161202 165055990,1.06688,1.06649,0
20161202 165109087,1.06696,1.06652,0
20161202 165131503,1.06691,1.06663,0
20161202 165133941,1.06691,1.06654,0
20161202 165134263,1.06688,1.06657,0
20161202 165150777,1.0669,1.06659,0
20161202 165150819,1.0669,1.0666,0
20161202 165200028,1.06691,1.06662,0
20161202 165224575,1.06694,1.06662,0
20161202 165224713,1.06712,1.06678,0
20161202 165230015,1.06714,1.06684,0
20161202 165250231,1.06712,1.06684,0
20161202 165250367,1.06712,1.06683,0
20161202 165251221,1.06719,1.0669,0
20161202 165252970,1.06715,1.06686,0
20161202 165254247,1.06724,1.06692,0
20161202 165254552,1.06715,1.06685,0
20161202 165255031,1.06713,1.06678,0
20161202 165259406,1.06716,1.06684,0
20161202 165303531,1.06713,1.06673,0
20161202 165303707,1.06712,1.06676,0
20161202 165304071,1.06709,1.0668,0
20161202 165304127,1.0671,1.06682,0
20161202 165311800,1.06728,1.06699,0
20161202 165311974,1.06739,1.06699,0
20161202 165317896,1.06737,1.06708,0
20161202 165323835,1.06745,1.06715,0
20161202 165328841,1.0674,1.06718,0
20161202 165354708,1.06738,1.06713,0
20161202 165400875,1.0674,1.06702,0
20161202 165401211,1.0674,1.06705,0
20161202 165414226,1.06744,1.06709,0
20161202 165423550,1.06742,1.06705,0
20161202 165423636,1.06742,1.06707,0
20161202 165425892,1.06742,1.06708,0
20161202 165426518,1.06764,1.06727,0
20161202 165426822,1.0674,1.06693,0
20161202 165428035,1.0674,1.06693,0
20161202 165428535,1.0674,1.06693,0
20161202 165432557,1.06746,1.06708,0
20161202 165433539,1.06742,1.06712,0
20161202 165433638,1.0674,1.06712,0
20161202 165440567,1.06737,1.06712,0
20161202 165444959,1.06737,1.06712,0
20161202 165445459,1.06737,1.06712,0
20161202 165500008,1.06735,1.06708,0
20161202 165501896,1.06737,1.06696,0
20161202 165509088,1.0674,1.06694,0
20161202 165509191,1.06739,1.06695,0
20161202 165518745,1.06741,1.06678,0
20161202 165522880,1.0674,1.06664,0
20161202 165524549,1.06721,1.06653,0
20161202 165524734,1.06727,1.06661,0
20161202 165525513,1.06719,1.06668,0
20161202 165528825,1.06716,1.06654,0
20161202 165530538,1.06724,1.0666,0
20161202 165533691,1.06733,1.06666,0
20161202 165535604,1.06733,1.06664,0
20161202 165535665,1.06732,1.06664,0
20161202 165536443,1.06733,1.06661,0
20161202 165540022,1.06727,1.06651,0
20161202 165540144,1.06727,1.06652,0
20161202 165542632,1.06723,1.06657,0
20161202 165543515,1.06731,1.06665,0
20161202 165545066,1.06723,1.06656,0
20161202 165546600,1.06723,1.06657,0
20161202 165547007,1.06724,1.06657,0
20161202 165558029,1.06741,1.06676,0
20161202 165602846,1.06732,1.06667,0
20161202 165602973,1.06735,1.06662,0
20161202 165604164,1.06727,1.06653,0
20161202 165604529,1.06726,1.06657,0
20161202 165604646,1.06726,1.06659,0
20161202 165607339,1.06748,1.06656,0
20161202 165607378,1.06747,1.06656,0
20161202 165607839,1.06747,1.06656,0
20161202 165640098,1.06727,1.06625,0
20161202 165640138,1.06738,1.06636,0
20161202 165640368,1.06736,1.06635,0
20161202 165641222,1.06727,1.06643,0
20161202 165645888,1.0672,1.06628,0
20161202 165647463,1.06726,1.06624,0
20161202 165703978,1.0674,1.06638,0
20161202 165713756,1.0673,1.06628,0
20161202 165714048,1.06732,1.0663,0
20161202 165714128,1.06734,1.06632,0
20161202 165714378,1.06743,1.06641,0
20161202 165719240,1.06741,1.06641,0
20161202 165719478,1.06739,1.06641,0
20161202 165729103,1.06727,1.06625,0
20161202 165729338,1.06717,1.06615,0
20161202 165729585,1.06714,1.06612,0
20161202 165729693,1.06718,1.06616,0
20161202 165731632,1.06712,1.0662,0
20161202 165732016,1.06709,1.06607,0
20161202 165732147,1.06696,1.06594,0
20161202 165732639,1.06709,1.06607,0
20161202 165734859,1.06695,1.066,0
20161202 165735001,1.06701,1.06599,0
20161202 165735238,1.06688,1.06587,0
20161202 165735617,1.067,1.06598,0
20161202 165735807,1.06688,1.06586,0
20161202 165735907,1.067,1.06598,0
20161202 165736830,1.06699,1.06598,0
20161202 165736910,1.067,1.06598,0
20161202 165738116,1.0669,1.06588,0
20161202 165739119,1.06693,1.06593,0
20161202 165739259,1.06691,1.06593,0
20161202 165739469,1.06689,1.06596,0
20161202 165739767,1.06687,1.066,0
20161202 165749148,1.06677,1.0659,0
20161202 165752421,1.06672,1.06597,0
20161202 165753327,1.06684,1.06582,0
20161202 165754077,1.06681,1.06585,0
20161202 165754307,1.06683,1.06581,0
20161202 165757370,1.06674,1.06591,0
20161202 165757622,1.06691,1.06589,0
20161202 165757727,1.06677,1.06575,0
20161202 165758376,1.06675,1.06578,0
20161202 165759810,1.06668,1.06586,0
20161202 165800181,1.06667,1.06587,0
20161202 165809930,1.0669,1.06593,0
20161202 165812239,1.06677,1.06591,0
20161202 165812574,1.06674,1.06594,0
20161202 165814610,1.06675,1.06588,0
20161202 165814718,1.06681,1.06579,0
20161202 165815775,1.06676,1.06585,0
20161202 165816607,1.06672,1.0659,0
20161202 165817373,1.06687,1.06597,0
20161202 165821407,1.06693,1.06591,0
20161202 165827549,1.06691,1.06589,0
20161202 165828320,1.06702,1.066,0
20161202 165828471,1.06702,1.066,0
20161202 165828766,1.06714,1.06612,0
20161202 165838603,1.06701,1.06599,0
20161202 165840490,1.06705,1.06603,0
20161202 165841180,1.06716,1.06614,0
20161202 165843269,1.06713,1.06611,0
20161202 165845336,1.0673,1.06628,0
20161202 165845859,1.06714,1.06612,0
20161202 165845887,1.06728,1.06626,0
20161202 165847871,1.06727,1.06625,0
20161202 165851319,1.06725,1.06623,0
20161202 165852258,1.06714,1.06612,0
20161202 165859789,1.06724,1.06622,0
20161202 165900371,1.06724,1.06622,0
20161202 165900818,1.06714,1.06612,0
20161202 165915511,1.06704,1.06602,0
20161202 165921755,1.06717,1.06615,0
20161202 165958234,1.06717,1.06615,0
